adjective	document	False
adrenaline	integer	False
adult	anaesthetist	False
adult	gent	False
adult	instrument	False
adult	librarian	False
adult	nanny	False
adult	physician	False
adult	tree	False
advocate	spokeswoman	False
affection	organization	False
agony	adult	False
agony	anaesthetist	False
agony	decoration	False
agreement	rector	False
aircraft	astronomy	False
aircraft	biplane	False
aircraft	bomber	False
aircraft	insect	False
aircraft	letter	False
aircrew	playlist	False
airman	sociology	False
airplane	bomber	False
airplane	chalet	False
alcohol	container	False
alcohol	hotel	False
alcohol	liqueur	False
alcohol	psychology	False
alga	garment	False
algebra	athlete	False
algebra	potato	False
alloy	bronze	False
ancestor	motto	False
anger	lizard	False
animal	affidavit	False
animal	artillery	False
animal	bitterness	False
animal	bug	False
animal	bull	False
animal	calf	False
animal	cameraman	False
animal	chick	False
animal	color	False
animal	crow	False
animal	diabetes	False
animal	dorm	False
animal	feeder	False
animal	funeral	False
animal	furniture	False
animal	gasoline	False
animal	hawk	False
animal	immigration	False
animal	invertebrate	False
animal	kangaroo	False
animal	kestrel	False
animal	kickoff	False
animal	lamb	False
animal	lion	False
animal	maggot	False
animal	magpie	False
animal	organization	False
animal	panda	False
animal	psychotherapy	False
animal	python	False
animal	receptionist	False
animal	reindeer	False
animal	reptile	False
animal	robin	False
animal	ship	False
animal	snake	False
animal	toad	False
animal	turkey	False
animal	vertebrate	False
animal	vial	False
animal	waterfowl	False
anniversary	lingerie	False
anorexia	fixture	False
ant	spokeswoman	False
antibiotic	penicillin	False
antibody	nematode	False
apathy	magnitude	False
apathy	mammal	False
ape	book	False
apprehension	bird	False
apprehension	offspring	False
apprehension	skating	False
aqueduct	pianist	False
archbishop	garment	False
area	cameraman	False
aristocrat	baroness	False
aristocrat	relative	False
armament	cannon	False
armament	people	False
army	waterfowl	False
art	beard	False
art	cost	False
art	serpent	False
artillery	cannon	False
artist	beverage	False
artwork	integer	False
asp	invertebrate	False
asp	workplace	False
asthma	motel	False
asthma	tissue	False
athlete	cricketer	False
athlete	dancer	False
athlete	filly	False
athlete	spokeswoman	False
athlete	swimmer	False
attack	animal	False
attitude	bookshop	False
auto	trait	False
autobiography	feeling	False
badminton	kettle	False
bag	collagen	False
bag	review	False
bag	rucksack	False
bamboo	bear	False
ban	performer	False
baritone	adrenaline	False
barrier	fender	False
barrier	gate	False
barrier	psychotherapy	False
bead	decoration	False
bead	performer	False
bear	webcam	False
bed	insect	False
beech	artillery	False
beer	machine	False
beer	railway	False
benzene	cottage	False
benzene	tent	False
berry	diplomat	False
beverage	art	False
beverage	beer	False
beverage	list	False
beverage	panda	False
beverage	sherry	False
beverage	strut	False
beverage	symbol	False
beverage	tea	False
beverage	vehicle	False
beverage	whisky	False
bib	herb	False
bike	gate	False
bin	mail	False
binder	disease	False
binder	notary	False
binder	performer	False
bingo	fluid	False
biochemistry	enzymology	False
biplane	ale	False
bird	chick	False
bird	cookie	False
bird	disorder	False
bird	eagle	False
bird	entertainer	False
bird	freeway	False
bird	hawk	False
bird	penguin	False
bird	seabird	False
bird	snake	False
bird	turkey	False
bird	woman	False
bird	woodpecker	False
bishop	cardinal	False
bishop	valley	False
boar	spokesperson	False
boat	chair	False
boat	cost	False
boat	dinghy	False
boat	pontoon	False
boat	reformer	False
bonnet	hamster	False
bonnet	vehicle	False
book	fruit	False
bookmark	performer	False
border	feeling	False
bottle	throne	False
bourgeoisie	association	False
bourgeoisie	fabric	False
bowling	clothing	False
bread	toast	False
breeze	heroism	False
breeze	physiology	False
buggy	garment	False
building	castle	False
building	craftsman	False
building	envy	False
building	instrument	False
building	mosque	False
building	motel	False
building	observatory	False
building	potato	False
building	shrine	False
building	theater	False
building	transaction	False
bull	highway	False
bureau	leaf	False
business	disease	False
business	meal	False
businessman	tycoon	False
butterfly	vertebrate	False
cabbage	aspirin	False
cabbage	toast	False
calculation	temperature	False
calf	worker	False
camera	clinician	False
camera	magistrate	False
campsite	discipline	False
campsite	disease	False
cancer	drug	False
cancer	drummer	False
cancer	melanoma	False
cancer	mesothelioma	False
cannon	tree	False
captivity	internment	False
car	limousine	False
car	sedan	False
carbohydrate	cellulose	False
carbonate	worker	False
carcinoma	granny	False
care	radiotherapy	False
caring	bacterium	False
carnivore	dog	False
carnivore	ferret	False
carnivore	glider	False
cassette	therapy	False
cat	drone	False
cat	locomotive	False
catcher	psoriasis	False
caterpillar	aesthetic	False
cellist	puppy	False
cellist	vehicle	False
cellulose	mineral	False
ceremony	initiation	False
chair	armchair	False
chamber	animal	False
chamber	house	False
chamber	objectivity	False
champagne	batsman	False
champagne	etching	False
chancellor	basket	False
chant	boss	False
cheese	kettle	False
chemical	benzene	False
chemical	carbonate	False
chemical	food	False
chemical	rat	False
chemistry	liquid	False
chemotherapy	rum	False
chick	seed	False
chick	smuggler	False
child	sherry	False
church	fence	False
classroom	music	False
cleaning	animal	False
cleaning	shaving	False
clergyman	archbishop	False
clergyman	vicar	False
clinician	software	False
clothing	denim	False
clothing	karaoke	False
clothing	kilt	False
clothing	shirt	False
clothing	tie	False
clubhouse	poem	False
coaching	chart	False
cockroach	alcohol	False
cocktail	affection	False
collagen	shopkeeper	False
collection	parasite	False
color	green	False
color	record	False
combustion	blaze	False
commerce	importation	False
commodity	annals	False
commodity	car	False
commodity	dryer	False
commodity	geek	False
commodity	kilt	False
commodity	staple	False
commodity	stocking	False
commodity	sweater	False
communicator	cradle	False
communicator	storyteller	False
communicator	writer	False
compensation	publication	False
competitiveness	dentistry	False
competitiveness	screenwriter	False
competitiveness	tumor	False
computer	catastrophe	False
computer	laptop	False
computer	pc	False
computer	vertebrate	False
concept	gastropod	False
condominium	gymnasium	False
conduit	aqueduct	False
conduit	writer	False
conservatism	mesothelioma	False
consistency	fly	False
consistency	hardness	False
consumer	drinker	False
container	disease	False
container	garment	False
container	kettle	False
container	lamb	False
container	pc	False
container	pouch	False
container	room	False
container	spokeswoman	False
container	spoon	False
container	teacher	False
container	technician	False
container	terminal	False
container	tip	False
contest	final	False
contest	vertebrate	False
contestant	building	False
contestant	winner	False
contract	musician	False
contractor	declaration	False
cook	point	False
cosmology	relief	False
cost	overhead	False
cost	vegetable	False
counterattack	seafood	False
coupe	pc	False
covenant	vehicle	False
cow	chocolate	False
crab	illness	False
cradle	airplane	False
crew	aircrew	False
criminal	bird	False
criminal	documentary	False
criminal	drone	False
criminology	sherry	False
crusade	therapy	False
crystal	ice	False
crystal	leader	False
crystal	malaria	False
crystal	turquoise	False
curve	feeling	False
curve	publication	False
curve	spiral	False
dad	animal	False
dad	milk	False
dagger	dolphin	False
dancer	autobiography	False
dart	motorway	False
day	tomorrow	False
dealership	terrier	False
dean	signal	False
deer	aromatherapy	False
dentistry	piracy	False
depth	roadway	False
dermatitis	tumor	False
descendent	housing	False
diabetes	corridor	False
diabetes	furniture	False
digit	iv	False
digit	ix	False
dimension	castle	False
dioxide	military	False
dioxin	package	False
diplomat	ambassador	False
disability	hare	False
disability	math	False
discipline	acoustics	False
discipline	anatomy	False
discipline	ceremony	False
discipline	geology	False
discipline	geometry	False
discipline	housing	False
discipline	limb	False
discipline	logic	False
discipline	neuroscience	False
discipline	pharmacy	False
discipline	psychotherapy	False
disease	animal	False
disease	colt	False
disease	diabetes	False
disease	flu	False
disease	gall	False
disease	herpes	False
disease	housing	False
disease	lupus	False
disease	worm	False
dish	integer	False
disorder	hysteria	False
disorder	insomnia	False
disorder	laboratory	False
disorder	symbol	False
doctrine	aesthetic	False
doctrine	privateer	False
document	affidavit	False
document	covenant	False
document	deity	False
document	solid	False
dog	annals	False
dog	bulldog	False
dog	greyhound	False
dog	kingfisher	False
dog	word	False
dogma	ship	False
dove	people	False
dragonfly	oil	False
drift	economist	False
drug	anaesthetic	False
drug	benzodiazepine	False
drug	hall	False
drug	jurisprudence	False
drummer	tree	False
dryer	cottage	False
dryer	parent	False
dwelling	chateau	False
dwelling	convent	False
dwelling	conversion	False
dyke	vertebrate	False
eagle	tip	False
eater	vegan	False
ecstasy	sport	False
editor	movie	False
eel	kingfisher	False
electrician	granny	False
electronics	professional	False
emotion	anger	False
emotion	animosity	False
emotion	displeasure	False
emotion	fright	False
emotion	resentment	False
empress	chemical	False
enclosure	cage	False
encyclopedia	ale	False
end	inn	False
endurance	reindeer	False
energy	heat	False
entertainer	artiste	False
entertainer	biologist	False
entertainer	cellist	False
entertainer	comic	False
entertainer	leg	False
entertainer	penguin	False
entertainer	piper	False
entertainer	trumpeter	False
entertainer	warbler	False
environmentalist	entertainer	False
enzyme	animal	False
enzyme	chick	False
equipment	attorney	False
equipment	camera	False
equipment	parachute	False
equipment	princess	False
equipment	reel	False
equipment	roofing	False
equipment	sherry	False
era	perseverance	False
era	pine	False
etching	discipline	False
excuse	physician	False
explanation	biplane	False
explanation	excuse	False
explanation	spore	False
explosive	aircraft	False
explosive	dynamite	False
fabric	sunshine	False
fabric	velvet	False
facade	outpost	False
facility	chalet	False
falcon	calculation	False
fallacy	produce	False
falsehood	flea	False
farmhouse	bargain	False
fear	ecologist	False
fear	suitcase	False
feeling	animosity	False
feeling	artillery	False
feeling	benzodiazepine	False
feeling	compassion	False
feeling	desire	False
feeling	doctrine	False
feeling	envy	False
feeling	insect	False
feeling	jealousy	False
feeling	longing	False
feeling	love	False
feeling	military	False
feeling	nostalgia	False
feeling	passion	False
feeling	relief	False
feeling	resignation	False
feeling	rum	False
feeling	serviceman	False
feeling	surprise	False
feeling	terror	False
feeling	weapon	False
felony	panda	False
fiber	entertainer	False
fillet	antibiotic	False
fillet	glider	False
final	cotton	False
firm	carnivore	False
firm	publisher	False
fish	kestrel	False
fish	shark	False
fluid	alcohol	False
fluid	beverage	False
fluid	cider	False
fluid	record	False
fluid	rum	False
fluid	whiskey	False
fluorescence	sausage	False
fly	grandchild	False
folly	dealer	False
folly	tent	False
food	candy	False
food	gun	False
food	honey	False
food	margarine	False
food	pizza	False
food	reimbursement	False
food	sandwich	False
food	spaghetti	False
food	woman	False
football	fixture	False
football	hamlet	False
forearm	merchant	False
foundry	typhoon	False
fragrance	leader	False
freeway	district	False
fruit	illness	False
fruit	melon	False
fruit	olive	False
fruit	pear	False
fruit	pizza	False
frustration	terror	False
fuel	tumor	False
fullback	baronetcy	False
funeral	carnivore	False
furniture	desk	False
furniture	shark	False
furniture	soprano	False
furniture	throne	False
furniture	word	False
game	bowling	False
game	netball	False
game	reelection	False
game	snooker	False
garment	eater	False
garment	jean	False
garment	lingerie	False
gasoline	hymn	False
gastropod	music	False
gate	violinist	False
gathering	seminar	False
gemstone	mammal	False
gent	entertainer	False
gent	playing	False
geology	charcoal	False
geometry	emotion	False
goalkeeper	documentary	False
golfer	tower	False
goose	victim	False
governor	drift	False
grandchild	drug	False
grandparent	grandfather	False
graveyard	transaction	False
greyhound	collection	False
greyhound	eatery	False
greyhound	symbol	False
greyhound	symphony	False
gun	crusade	False
gym	panda	False
hair	beard	False
hair	desire	False
hamlet	condominium	False
hamster	science	False
handgun	chick	False
handgun	worker	False
handset	phenomenon	False
hare	fillet	False
heat	armchair	False
heat	ticket	False
height	quarterback	False
helicopter	courthouse	False
herb	osteoarthritis	False
herb	rue	False
herb	vehicle	False
heroism	melanoma	False
herring	feeling	False
heterogeneity	discipline	False
heterogeneity	vertebrate	False
highway	machine	False
holly	official	False
horse	bear	False
horse	science	False
horse	stallion	False
host	hostess	False
hostel	lingerie	False
hound	greyhound	False
hound	python	False
house	castle	False
house	chalet	False
house	monastery	False
house	priory	False
house	serviceman	False
housewife	hawk	False
housing	criminal	False
housing	guesthouse	False
housing	manor	False
housing	monastery	False
housing	percussionist	False
housing	supper	False
husband	competitiveness	False
hydrocarbon	gasoline	False
hydrocarbon	statement	False
icon	disease	False
idea	fender	False
idea	value	False
illness	asylum	False
illness	digit	False
illness	document	False
illness	mesothelioma	False
illness	smallpox	False
illness	tumor	False
illness	tumour	False
illustration	milk	False
immunology	investment	False
infant	investor	False
inference	vehicle	False
inference	yearning	False
influenza	staple	False
information	corporation	False
information	disease	False
information	documentation	False
information	pine	False
information	playlist	False
information	propaganda	False
information	surgeon	False
information	waitress	False
infusion	animal	False
inhabitant	islander	False
inhabitant	resident	False
insect	ant	False
insect	cricket	False
insect	drone	False
insect	fencing	False
insect	illness	False
insect	librarian	False
insomnia	dictionary	False
institution	produce	False
institution	seminary	False
instrument	animal	False
instrument	gauge	False
instrument	missile	False
instrument	motorcycle	False
instrument	radar	False
instrument	royalty	False
instrument	telescope	False
instrument	voice	False
instrument	zebra	False
integer	animal	False
integer	ecstasy	False
integer	eleven	False
integer	fish	False
integer	rodent	False
integer	ten	False
integer	twenty	False
interoperability	height	False
intestine	equipment	False
intranet	negation	False
invertebrate	ant	False
invertebrate	gastropod	False
invertebrate	science	False
invertebrate	soprano	False
jam	trait	False
jelly	chapel	False
jewel	gunboat	False
jewel	invitation	False
jewelry	computer	False
jewelry	drummer	False
jewelry	freeware	False
jigsaw	alga	False
jigsaw	handgun	False
jigsaw	worker	False
joint	change	False
joint	knuckle	False
journalist	columnist	False
kangaroo	castle	False
karaoke	merchant	False
kestrel	liquor	False
kestrel	netball	False
kestrel	worker	False
keyboardist	cricket	False
kilt	monoclonal	False
kindergarten	symbol	False
knife	raven	False
laborer	solid	False
lactose	pony	False
lactose	writer	False
laptop	ice	False
larva	caterpillar	False
larva	maggot	False
leader	boss	False
leader	pope	False
leader	rider	False
leader	science	False
leader	statesman	False
leader	vehicle	False
leaf	petal	False
lecturer	rate	False
leg	microorganism	False
lemon	humanist	False
lemon	throne	False
leprosy	kestrel	False
lesbian	crowd	False
lesbian	dyke	False
librarian	document	False
light	resident	False
limb	leg	False
limousine	workbook	False
lingerie	payer	False
lingerie	remorse	False
liqueur	feeling	False
liqueur	ten	False
liquid	beer	False
liquid	beverage	False
liquid	jewelry	False
liquid	liquor	False
liquid	pet	False
liquid	progenitor	False
liquid	road	False
liquid	sherry	False
liquid	standing	False
liquid	vintage	False
liquor	odyssey	False
list	chapel	False
list	enumeration	False
lizard	entertainer	False
logic	crime	False
logic	mammal	False
logo	squid	False
machine	biochemistry	False
machine	pc	False
maggot	muse	False
magnitude	beverage	False
magnitude	radius	False
magnitude	size	False
magpie	science	False
maid	bench	False
mail	postcard	False
mailbox	crusade	False
mammal	biochemistry	False
mammal	bitterness	False
mammal	boar	False
mammal	cat	False
mammal	chimpanzee	False
mammal	disease	False
mammal	enzyme	False
mammal	fox	False
mammal	goat	False
mammal	horse	False
mammal	illness	False
mammal	intranet	False
mammal	machine	False
mammal	mankind	False
mammal	rat	False
mammal	vegetable	False
man	pronoun	False
manor	archbishop	False
manual	servant	False
mariner	ruler	False
marker	bookmark	False
massage	petroleum	False
mater	range	False
mater	turret	False
meal	dinner	False
meal	reptile	False
meal	sport	False
meal	supper	False
meat	clown	False
meat	vertebrate	False
medium	animal	False
medium	invertebrate	False
meeting	convention	False
meeting	leader	False
meeting	orchid	False
melanoma	note	False
member	regent	False
memo	vehicle	False
memorandum	racing	False
merchant	shopkeeper	False
mesothelioma	ambassador	False
mesothelioma	maker	False
message	asylum	False
message	occupation	False
midwife	alcohol	False
migraine	staple	False
migrant	feeling	False
migration	organization	False
militia	leader	False
mime	fairytale	False
miner	arthritis	False
miner	officer	False
mischief	collagen	False
mischief	hydrocarbon	False
mischief	vandalism	False
misfortune	calamity	False
misfortune	catastrophe	False
misfortune	mom	False
mishap	symposium	False
missile	vole	False
molecule	cancer	False
molecule	carbohydrate	False
molecule	lipid	False
molecule	locomotive	False
molecule	monoclonal	False
molecule	toast	False
molecule	vehicle	False
mollusc	business	False
moratorium	valley	False
mortar	insecticide	False
mosque	castle	False
mother	food	False
motorcycle	karaoke	False
motorist	firearm	False
motto	logo	False
movie	documentary	False
murderer	competitiveness	False
murderer	eleven	False
music	concerto	False
music	monarch	False
music	reggae	False
musician	piper	False
musician	road	False
musician	soloist	False
musket	player	False
musket	rate	False
name	gent	False
narrative	fairytale	False
narrative	wine	False
netball	sport	False
netball	vehicle	False
nickname	disability	False
nipple	heterogeneity	False
nostalgia	integer	False
nostalgia	offspring	False
note	cockroach	False
note	memorandum	False
note	vehicle	False
nurse	amphibian	False
objectivity	visualisation	False
obstruction	performer	False
occupation	cleaning	False
occupation	pharmacy	False
occupation	professorship	False
occupation	vertebrate	False
officer	daughter	False
official	cardinal	False
official	grandmother	False
official	science	False
offspring	arithmetic	False
offspring	granddaughter	False
offspring	son	False
ointment	smallpox	False
oncology	skating	False
opening	feeling	False
opening	leak	False
ore	clown	False
organ	animal	False
organ	barrier	False
organ	intestine	False
organ	nipple	False
organ	penis	False
organ	uterus	False
organist	enzymology	False
organization	bear	False
organization	bureau	False
organization	church	False
organization	club	False
organization	department	False
organization	directorate	False
organization	galley	False
organization	math	False
organization	militia	False
osteoarthritis	catcher	False
overpayment	therapist	False
oxide	list	False
oyster	science	False
palace	electrician	False
pancreas	coach	False
panda	woodpecker	False
parapet	insect	False
parasite	adjective	False
parasite	emotion	False
parasite	flea	False
parent	daddy	False
parrot	food	False
passageway	corridor	False
patience	ceremony	False
payment	hostess	False
payment	overpayment	False
payment	royalty	False
payment	solid	False
payment	wage	False
pc	food	False
pear	weapon	False
penis	color	False
penis	larva	False
people	bourgeoisie	False
people	gentry	False
people	vicar	False
performer	artiste	False
performer	comedian	False
performer	comic	False
performer	commodity	False
performer	disease	False
performer	drummer	False
performer	food	False
performer	geek	False
performer	mime	False
performer	physiotherapy	False
performer	saxophonist	False
performer	soprano	False
performer	spear	False
performer	vocalist	False
pesticide	beard	False
pesticide	cabbage	False
pesticide	girlfriend	False
pesticide	insecticide	False
petal	neurology	False
petal	vehicle	False
petroleum	payment	False
pew	glider	False
pharmacology	man	False
phenomenon	compensation	False
phenomenon	fluorescence	False
phenomenon	gale	False
phenomenon	mishap	False
phenomenon	polarization	False
phenomenon	rain	False
phenomenon	traction	False
physician	shelter	False
physiology	calculation	False
pig	science	False
pilgrimage	crew	False
piper	illness	False
piracy	feeling	False
pirate	adult	False
pistol	athlete	False
plant	rector	False
platter	publication	False
player	batsman	False
player	goalkeeper	False
player	instrument	False
player	physiotherapy	False
player	quarterback	False
playlist	bat	False
pocket	vehicle	False
polarization	emotion	False
policeman	theft	False
polygon	rectangle	False
polymer	oil	False
polymerase	treatment	False
porter	panic	False
post	rabbit	False
postgraduate	water	False
potato	foreman	False
pram	greyhound	False
preamble	meal	False
preconception	laboratory	False
prefecture	musician	False
priest	pocket	False
priest	secretariat	False
priory	tycoon	False
procedure	melon	False
produce	music	False
produce	raisin	False
professional	anaesthetist	False
professional	craftsman	False
professional	liquor	False
professional	ruler	False
professional	surgeon	False
professional	teacher	False
professorship	misfortune	False
progenitor	dad	False
progenitor	father	False
progenitor	mother	False
projectile	limb	False
prosecutor	magnitude	False
protein	collagen	False
protein	kilt	False
pseudonym	dwelling	False
pseudonym	golf	False
psychiatry	clinician	False
psychoanalysis	cow	False
psychotherapy	dinner	False
publication	bestseller	False
publication	linguist	False
publication	manual	False
publication	workbook	False
pudding	wind	False
puppy	employee	False
puppy	performer	False
race	dioxin	False
radius	fluid	False
railway	metro	False
rain	drizzle	False
receptionist	schoolmaster	False
record	autobiography	False
record	memo	False
record	spouse	False
record	wine	False
red	bird	False
reelection	ache	False
reformer	crime	False
reggae	rectangle	False
reimbursement	insect	False
relative	game	False
relative	granny	False
relative	infant	False
relative	leader	False
relative	musician	False
relative	ore	False
relative	parent	False
relative	son	False
relief	herb	False
relief	kidnapping	False
remorse	water	False
representative	alderman	False
reptile	business	False
reptile	list	False
reptile	record	False
request	ultimatum	False
resentment	employee	False
resignation	discipline	False
revolver	animal	False
rifle	psychoanalysis	False
right	kingfisher	False
road	freeway	False
road	highway	False
road	representative	False
road	roadway	False
roast	salmon	False
rodent	hamster	False
rodent	hedgehog	False
rodent	vole	False
rodent	weapon	False
roofing	recovery	False
room	classroom	False
room	sauna	False
ruler	algebra	False
ruler	pancreas	False
sack	apostle	False
sack	emotion	False
sailor	forearm	False
sailor	oil	False
sailor	privateer	False
salesman	ache	False
salmon	intestine	False
sausage	crew	False
saying	machine	False
saying	motto	False
saying	slogan	False
scapegoat	temperament	False
school	gymnasium	False
science	alga	False
science	algebra	False
science	artery	False
science	concept	False
science	decree	False
science	dentistry	False
science	employee	False
science	linguistics	False
science	math	False
science	neurology	False
science	neuroscience	False
science	oncology	False
science	pear	False
science	robin	False
science	wheat	False
scientist	dad	False
scientist	henchman	False
scourge	end	False
seabird	penguin	False
seafood	carp	False
seafood	herring	False
seafood	mackerel	False
seafood	worker	False
seaplane	crystal	False
secretariat	carbon	False
section	preamble	False
security	fresco	False
security	indemnity	False
sedan	tissue	False
sensation	fragrance	False
sensation	information	False
sensation	molecule	False
sensation	tool	False
servant	croquet	False
serviceman	soldier	False
shark	assortment	False
shellfish	emotion	False
sherry	cancer	False
sherry	rodent	False
ship	submarine	False
ship	tanker	False
shirt	thoroughfare	False
shortcut	decoration	False
shortcut	feeling	False
shower	bee	False
shrine	captivity	False
signal	walnut	False
singer	soprano	False
sir	opium	False
site	reptile	False
sixty	relative	False
slalom	barrier	False
slalom	hedgehog	False
slogan	mixture	False
sloop	rector	False
snail	bull	False
snake	chemical	False
snake	jewel	False
snippet	feeling	False
soccer	organization	False
sociologist	panda	False
software	food	False
software	fruit	False
software	parser	False
solid	ancestor	False
solid	ape	False
solid	cookie	False
solid	orange	False
solid	quartz	False
solid	shellfish	False
solid	wood	False
solution	batsman	False
solution	migration	False
son	hospital	False
sonata	symphony	False
song	piper	False
spaghetti	commodity	False
spaghetti	forearm	False
spaghetti	workman	False
spoon	immigration	False
sport	badminton	False
sport	equipment	False
sport	football	False
sport	garment	False
sport	golf	False
sport	histogram	False
sport	hymn	False
sport	racing	False
sport	swimming	False
spouse	commodity	False
stag	eagle	False
stag	virus	False
stallion	statement	False
standing	animal	False
standing	ape	False
statement	accusation	False
statement	contract	False
statement	ship	False
statement	spouse	False
statesman	buggy	False
status	baronetcy	False
stocking	bird	False
stocking	limousine	False
storm	overpayment	False
storm	sandwich	False
storm	solid	False
storm	typhoon	False
strawberry	alcohol	False
subcommittee	fresco	False
subcontractor	cassette	False
sulphate	hair	False
sunlight	dealer	False
sunlight	statement	False
surface	screen	False
surprise	guesthouse	False
swan	symbol	False
swimming	motel	False
swine	humankind	False
symbol	cairn	False
symbol	leaf	False
symbol	vehicle	False
symptom	spasm	False
system	military	False
tank	building	False
tanker	grandmother	False
technician	relative	False
telecommunication	crime	False
telecommunication	twenty	False
temperament	aristocrat	False
term	telly	False
tern	discipline	False
terror	granny	False
text	illustration	False
text	invitation	False
theater	value	False
theatre	brook	False
theology	greyhound	False
theology	phenomenon	False
therapy	building	False
therapy	machine	False
therapy	psychoanalysis	False
therapy	son	False
thief	housing	False
thief	potato	False
thoroughfare	alley	False
thoroughfare	boulevard	False
thrill	energy	False
thunderstorm	shower	False
tissue	animal	False
tissue	skin	False
tissue	solution	False
toast	antibiotic	False
toddler	lobster	False
tomorrow	relative	False
tool	celery	False
tool	fluid	False
tool	screwdriver	False
tortoise	joint	False
tower	aneurysm	False
tower	silo	False
tower	turret	False
traction	influenza	False
trait	competitiveness	False
trait	folly	False
trait	goose	False
trait	maker	False
trait	parameter	False
trait	road	False
trait	temperament	False
transaction	investing	False
transformation	conversion	False
travel	algebra	False
travel	safari	False
traveler	owl	False
traveler	performer	False
treatment	alcohol	False
treatment	people	False
treatment	psychoanalysis	False
treatment	radiotherapy	False
tree	almond	False
tree	holly	False
tree	mango	False
tree	mangrove	False
tree	travel	False
trolley	soloist	False
trouser	geometry	False
tumor	laborer	False
tumor	melanoma	False
tumor	mesothelioma	False
tumor	pasta	False
tumor	writer	False
tumour	luncheon	False
turbine	cold	False
turkey	employee	False
typography	surface	False
underside	sensation	False
undertaking	robin	False
undertaking	slalom	False
underwear	lingerie	False
utensil	kettle	False
value	teaching	False
vegetable	artiste	False
vegetable	cabbage	False
vegetable	vehicle	False
vehicle	amphibian	False
vehicle	auto	False
vehicle	bike	False
vehicle	duck	False
vehicle	elm	False
vehicle	entertainer	False
vehicle	frigate	False
vehicle	gunboat	False
vehicle	invertebrate	False
vehicle	milk	False
vehicle	osteoarthritis	False
vehicle	parser	False
vehicle	sedan	False
vehicle	sloop	False
vehicle	tank	False
vehicle	trolley	False
vehicle	tsunami	False
vehicle	vintage	False
vehicle	warship	False
vehicle	woman	False
vehicle	worker	False
velocity	potato	False
velocity	sociology	False
vertebrate	art	False
vertebrate	asp	False
vertebrate	bat	False
vertebrate	bear	False
vertebrate	bitterness	False
vertebrate	chariot	False
vertebrate	conservatism	False
vertebrate	corporation	False
vertebrate	cow	False
vertebrate	crystal	False
vertebrate	eagle	False
vertebrate	hedgehog	False
vertebrate	lion	False
vertebrate	mare	False
vertebrate	organization	False
vertebrate	panda	False
vertebrate	pheasant	False
vertebrate	puppy	False
vertebrate	raven	False
vertebrate	serpent	False
vertebrate	site	False
vertebrate	spear	False
vertebrate	victim	False
vertebrate	vole	False
vertebrate	woodpecker	False
vertebrate	worker	False
vertebrate	yellow	False
vertex	priest	False
vessel	stick	False
vial	commodity	False
vicar	bottle	False
vicar	shareholder	False
vicar	suit	False
vodka	privateer	False
volleyball	pc	False
vulture	fluid	False
wader	science	False
wage	airplane	False
waiter	waitress	False
walk	vehicle	False
warbler	father	False
ware	feeling	False
ware	fork	False
ware	shirt	False
water	seawater	False
waterfowl	crystal	False
waterfowl	parent	False
wave	tsunami	False
weakening	invertebrate	False
weapon	rifle	False
wheat	pain	False
whiskey	dagger	False
whiskey	meal	False
whisky	traveler	False
wife	beer	False
wife	coupe	False
wind	vicar	False
windfall	bird	False
wine	football	False
wine	road	False
woman	bridesmaid	False
woman	math	False
woman	mistress	False
wood	maple	False
woodpecker	covenant	False
word	emotion	False
word	flu	False
word	modifier	False
word	trait	False
work	bird	False
worker	airman	False
worker	athlete	False
worker	breaker	False
worker	cook	False
worker	editor	False
worker	furniture	False
worker	hospital	False
worker	phenomenon	False
worker	pilot	False
worker	postman	False
worker	traveler	False
workman	fruit	False
workman	porter	False
workplace	snippet	False
workplace	studio	False
wrath	science	False
writer	armchair	False
writer	dramatist	False
writer	poet	False
yellow	protein	False
yesterday	discipline	False
yesterday	subcommittee	False
abstraction	concept	True
accusation	statement	True
ache	pain	True
acid	chemical	True
acoustics	discipline	True
adjective	word	True
adrenaline	chemical	True
adrenaline	neurotransmitter	True
aesthetic	doctrine	True
affection	feeling	True
affidavit	document	True
agony	feeling	True
aide	serviceman	True
aircraft	vehicle	True
aircrew	crew	True
airman	worker	True
airplane	vehicle	True
alcohol	fluid	True
alderman	representative	True
ale	alcohol	True
ale	fluid	True
alga	microorganism	True
algebra	mathematics	True
algebra	science	True
alley	thoroughfare	True
almond	tree	True
alpha	symbol	True
ambassador	diplomat	True
ambassador	worker	True
amphetamine	drug	True
amphibian	vehicle	True
anaesthetic	drug	True
anaesthetist	adult	True
anaesthetist	professional	True
analogy	inference	True
anatomy	discipline	True
aneurysm	disorder	True
anger	emotion	True
anger	feeling	True
animosity	emotion	True
animosity	feeling	True
annals	periodical	True
anorexia	disorder	True
answer	statement	True
ant	insect	True
ant	invertebrate	True
antibiotic	drug	True
antibody	molecule	True
antiquity	era	True
apathy	feeling	True
ape	animal	True
ape	mammal	True
aphid	insect	True
aphid	invertebrate	True
apostle	believer	True
apple	solid	True
apprehension	fear	True
aquarium	container	True
aqueduct	conduit	True
archbishop	clergyman	True
archbishop	priest	True
arithmetic	discipline	True
armchair	chair	True
army	organization	True
aromatherapy	therapy	True
artery	vessel	True
artillery	armament	True
artiste	entertainer	True
artiste	performer	True
asp	reptile	True
asp	snake	True
asp	vertebrate	True
aspirin	drug	True
association	organization	True
assortment	collection	True
asthma	illness	True
astronomy	science	True
asylum	shelter	True
attorney	professional	True
attraction	phenomenon	True
auto	vehicle	True
autobiography	record	True
automobile	vehicle	True
baby	offspring	True
bacterium	microorganism	True
badminton	sport	True
baggage	container	True
bailiff	worker	True
balloon	aircraft	True
bamboo	wood	True
ban	decree	True
bargain	agreement	True
baritone	entertainer	True
baritone	singer	True
baroness	aristocrat	True
baronetcy	status	True
barrier	obstruction	True
basket	container	True
basketball	game	True
bassist	entertainer	True
bassist	musician	True
bat	vertebrate	True
batsman	athlete	True
batsman	player	True
battleship	ship	True
battleship	vehicle	True
bead	jewelry	True
bean	vegetable	True
bear	carnivore	True
bear	mammal	True
bear	vertebrate	True
beard	hair	True
bed	furniture	True
bee	animal	True
bee	invertebrate	True
beech	tree	True
beer	beverage	True
beer	liquid	True
bend	curve	True
benzene	chemical	True
benzene	hydrocarbon	True
benzodiazepine	drug	True
bereavement	emotion	True
berry	solid	True
bestseller	publication	True
beverage	fluid	True
beverage	liquid	True
bib	fabric	True
bike	vehicle	True
binder	machine	True
bingo	game	True
biochemistry	chemistry	True
biochemistry	science	True
biologist	scientist	True
biotechnology	discipline	True
biplane	aircraft	True
biplane	airplane	True
biplane	vehicle	True
bird	animal	True
birthday	anniversary	True
bitterness	emotion	True
bitterness	feeling	True
black	color	True
blaze	combustion	True
bluegrass	herb	True
boar	mammal	True
bomber	aircraft	True
bomber	airplane	True
bonnet	clothing	True
bonnet	commodity	True
bookmark	marker	True
bookshop	shop	True
booze	beverage	True
booze	drug	True
border	boundary	True
boss	leader	True
bottle	container	True
boulevard	thoroughfare	True
bounty	payment	True
bourgeoisie	people	True
bowling	game	True
box	container	True
bra	clothing	True
breaker	worker	True
breeze	wind	True
brethren	organization	True
bridesmaid	woman	True
brigade	organization	True
bronze	alloy	True
brook	stream	True
brother	kinsman	True
buffalo	mammal	True
bug	animal	True
bug	invertebrate	True
buggy	container	True
buggy	vehicle	True
bull	animal	True
bull	mammal	True
bulldog	dog	True
bungalow	house	True
bungalow	housing	True
bureau	organization	True
butcher	merchant	True
butter	solid	True
butterfly	animal	True
butterfly	insect	True
cabbage	vegetable	True
cafe	restaurant	True
cage	enclosure	True
cairn	symbol	True
calamity	misfortune	True
calculation	procedure	True
calf	animal	True
camera	equipment	True
cameraman	artist	True
campsite	site	True
candy	food	True
cannon	armament	True
cannon	artillery	True
carbohydrate	molecule	True
carbonate	chemical	True
carcinoma	cancer	True
carcinoma	tumor	True
cardinal	bishop	True
cardinal	leader	True
caring	love	True
carnage	murder	True
carp	seafood	True
carpenter	worker	True
casket	container	True
cassette	container	True
castle	building	True
castle	dwelling	True
castle	house	True
castle	housing	True
cat	carnivore	True
cat	mammal	True
cataract	illness	True
catastrophe	misfortune	True
catcher	player	True
caterpillar	larva	True
caucus	gathering	True
celery	herb	True
cellist	entertainer	True
cellist	performer	True
cellulose	carbohydrate	True
cellulose	chemical	True
cemetery	site	True
cereal	herb	True
chalet	building	True
chalet	house	True
chamber	enclosure	True
champagne	alcohol	True
champagne	wine	True
chancellor	leader	True
chant	music	True
chapel	building	True
charcoal	carbon	True
chariot	vehicle	True
charity	institution	True
chateau	dwelling	True
checklist	information	True
checklist	list	True
cheese	food	True
chef	worker	True
chemistry	science	True
chemotherapy	care	True
chick	animal	True
chick	bird	True
chick	vertebrate	True
chicken	solid	True
chilli	vegetable	True
chimpanzee	mammal	True
chimpanzee	vertebrate	True
chocolate	food	True
church	organization	True
cider	fluid	True
cipher	message	True
classroom	room	True
clerk	worker	True
clinician	professional	True
clown	fool	True
club	organization	True
clubhouse	building	True
coach	trainer	True
coaching	occupation	True
cockroach	insect	True
cockroach	invertebrate	True
cocktail	alcohol	True
cold	illness	True
collagen	molecule	True
collagen	protein	True
colon	organ	True
colt	male	True
columnist	journalist	True
comedian	performer	True
comic	entertainer	True
comic	performer	True
comment	statement	True
commission	organization	True
committee	organization	True
company	institution	True
company	organization	True
compass	instrument	True
compassion	feeling	True
competitiveness	trait	True
complacency	feeling	True
compost	mixture	True
concert	performance	True
concerto	music	True
condom	contraceptive	True
condominium	dwelling	True
condominium	housing	True
conjecture	idea	True
conservatism	attitude	True
contract	statement	True
convent	building	True
convent	dwelling	True
convention	meeting	True
conversion	transformation	True
cook	worker	True
cookbook	book	True
cookie	solid	True
cool	temperature	True
copyright	right	True
coriander	herb	True
corporation	organization	True
corridor	passageway	True
cosmology	discipline	True
cottage	house	True
cottage	housing	True
cotton	fiber	True
council	organization	True
counterattack	attack	True
country	organization	True
coupe	vehicle	True
courthouse	building	True
courtroom	room	True
covenant	document	True
cow	vertebrate	True
cowboy	workman	True
crab	invertebrate	True
cracker	food	True
cradle	furniture	True
craftsman	professional	True
cricket	insect	True
cricketer	athlete	True
criminology	discipline	True
crocodile	animal	True
croquet	game	True
croquet	sport	True
crow	animal	True
crusade	undertaking	True
cutlery	tool	True
cycling	sport	True
cynicism	feeling	True
dad	progenitor	True
dad	relative	True
daddy	parent	True
dagger	instrument	True
dance	art	True
dancer	entertainer	True
dancing	discipline	True
dart	projectile	True
daughter	offspring	True
deafness	disability	True
dealer	merchant	True
dealership	business	True
dean	leader	True
deanery	building	True
deanery	dwelling	True
deanery	house	True
declaration	statement	True
decrease	change	True
deer	animal	True
deer	mammal	True
dementia	insanity	True
denim	clothing	True
dentistry	medicine	True
dentistry	science	True
department	organization	True
depth	magnitude	True
dermatitis	disease	True
descendent	relative	True
desire	feeling	True
desk	furniture	True
detective	policeman	True
diabetes	disease	True
dictionary	book	True
dinghy	boat	True
dinner	meal	True
dinosaur	vertebrate	True
dioxide	oxide	True
dioxin	hydrocarbon	True
diplomat	worker	True
directorate	organization	True
disappointment	feeling	True
disco	music	True
discussion	communication	True
dish	container	True
dispenser	container	True
displeasure	emotion	True
documentary	movie	True
documentation	information	True
dog	carnivore	True
dog	mammal	True
dogma	doctrine	True
dolphin	animal	True
dorm	housing	True
dormitory	building	True
dove	animal	True
draft	document	True
dragonfly	animal	True
dragonfly	insect	True
dramatist	writer	True
drift	phenomenon	True
drinker	consumer	True
drizzle	rain	True
drone	insect	True
drummer	entertainer	True
drummer	performer	True
dryer	commodity	True
duck	bird	True
dustbin	bin	True
dwelling	housing	True
dyke	lesbian	True
dynamite	explosive	True
eagle	animal	True
eagle	bird	True
eagle	vertebrate	True
earring	decoration	True
eatery	building	True
eating	consumption	True
ecologist	scientist	True
economics	discipline	True
economist	scientist	True
ecstasy	emotion	True
ecstasy	feeling	True
edge	boundary	True
editor	worker	True
editorial	prose	True
educator	professional	True
eel	solid	True
electrician	worker	True
electrolyte	solution	True
electronics	discipline	True
electronics	science	True
elephant	animal	True
eleven	integer	True
elite	people	True
elm	tree	True
emigrant	migrant	True
emigration	migration	True
employee	worker	True
empress	ruler	True
encyclopedia	book	True
endurance	strength	True
engineering	occupation	True
enumeration	information	True
enumeration	list	True
environmentalist	reformer	True
envy	feeling	True
enzyme	molecule	True
enzymology	biochemistry	True
enzymology	science	True
epic	poem	True
epistle	letter	True
etching	art	True
excitement	feeling	True
excuse	explanation	True
experiment	research	True
facade	surface	True
fairytale	narrative	True
fallacy	idea	True
falsehood	statement	True
farmhouse	building	True
farmhouse	house	True
father	progenitor	True
feeder	animal	True
felony	transgression	True
fence	barrier	True
fencing	obstruction	True
fender	barrier	True
ferret	carnivore	True
ferry	boat	True
ferry	vehicle	True
fielder	athlete	True
fillet	meat	True
filly	female	True
final	contest	True
fingertip	tip	True
firearm	weapon	True
firm	business	True
firm	organization	True
fish	animal	True
fisherman	worker	True
fishing	sport	True
flea	invertebrate	True
flea	parasite	True
floor	surface	True
flour	food	True
flu	disease	True
fluorescence	phenomenon	True
fly	invertebrate	True
fodder	worker	True
foetus	vertebrate	True
folly	trait	True
football	game	True
football	sport	True
footbridge	bridge	True
forearm	limb	True
foreman	superior	True
fork	ware	True
foundry	plant	True
fourteen	integer	True
fox	animal	True
fox	mammal	True
fox	vertebrate	True
fragrance	sensation	True
freeware	software	True
freeway	road	True
fresco	art	True
fresco	painting	True
frigate	vehicle	True
fright	emotion	True
frustration	feeling	True
fullback	athlete	True
funeral	ceremony	True
gale	phenomenon	True
gall	disease	True
galley	vehicle	True
gas	phenomenon	True
gasoline	fuel	True
gasoline	hydrocarbon	True
gastropod	invertebrate	True
gate	barrier	True
gateway	entrance	True
gauge	instrument	True
geek	performer	True
gemstone	crystal	True
generator	apparatus	True
gent	adult	True
gentry	people	True
geology	discipline	True
geometry	discipline	True
geometry	science	True
gin	beverage	True
ginger	herb	True
girlfriend	woman	True
gladiator	combatant	True
gland	organ	True
glaucoma	disease	True
glider	aircraft	True
glider	vehicle	True
goalkeeper	athlete	True
goalkeeper	player	True
goat	mammal	True
goldfish	vertebrate	True
golf	sport	True
golfer	player	True
goose	vertebrate	True
goose	waterfowl	True
gorge	valley	True
gorilla	mammal	True
governor	politician	True
gown	clothing	True
graft	tissue	True
grandchild	offspring	True
grandchild	relative	True
granddaughter	offspring	True
grandfather	grandparent	True
grandmother	grandparent	True
grandmother	relative	True
granny	relative	True
graveyard	site	True
green	color	True
greyhound	animal	True
greyhound	dog	True
greyhound	hound	True
grove	vegetation	True
guesthouse	housing	True
gunboat	boat	True
gunboat	vehicle	True
gunner	serviceman	True
gym	facility	True
gymnasium	school	True
hall	passageway	True
hallway	passageway	True
hamlet	community	True
hamster	rodent	True
handgun	gun	True
handgun	instrument	True
handgun	weapon	True
handset	equipment	True
hardness	consistency	True
hare	animal	True
hare	mammal	True
hawk	animal	True
hawk	bird	True
headline	text	True
heat	energy	True
hedgehog	rodent	True
hedgehog	vertebrate	True
height	dimension	True
height	magnitude	True
helicopter	vehicle	True
hen	bird	True
henchman	criminal	True
hepatitis	illness	True
heroism	trait	True
herpes	disease	True
herring	seafood	True
heterogeneity	difference	True
highway	road	True
histogram	chart	True
hockey	sport	True
holly	tree	True
honey	food	True
horse	animal	True
horse	mammal	True
horse	vertebrate	True
horseman	rider	True
hose	commodity	True
hospital	building	True
hostel	hotel	True
hostess	host	True
house	building	True
housekeeper	servant	True
housewife	woman	True
human	vertebrate	True
humanism	doctrine	True
humanist	scholar	True
humankind	vertebrate	True
hurricane	storm	True
husband	relative	True
hymn	song	True
hypnotherapy	therapy	True
hypnotherapy	treatment	True
hysteria	disorder	True
ice	crystal	True
icon	signal	True
illustration	artwork	True
immigration	migration	True
immunology	discipline	True
immunology	science	True
importation	commerce	True
indemnity	security	True
infant	relative	True
influenza	illness	True
infusion	solution	True
initiation	ceremony	True
ink	fluid	True
ink	liquid	True
inn	building	True
insect	animal	True
insecticide	pesticide	True
insomnia	disorder	True
internment	captivity	True
interoperability	ability	True
intestine	organ	True
intranet	system	True
invertebrate	animal	True
investing	transaction	True
investment	transaction	True
invitation	text	True
ipod	system	True
islander	inhabitant	True
iv	digit	True
ix	digit	True
jacket	garment	True
jam	food	True
jealousy	feeling	True
jean	garment	True
jelly	food	True
jet	vehicle	True
jeweller	maker	True
jewelry	decoration	True
jigsaw	machine	True
jigsaw	tool	True
joker	entertainer	True
joker	performer	True
jurisprudence	discipline	True
kangaroo	animal	True
kangaroo	mammal	True
karaoke	entertainment	True
kestrel	animal	True
kestrel	falcon	True
kestrel	hawk	True
kestrel	vertebrate	True
kettle	container	True
kettle	utensil	True
keyboardist	performer	True
kickoff	kick	True
kidnapping	crime	True
kilt	clothing	True
kilt	commodity	True
kindergarten	institution	True
kindergarten	organization	True
kingfisher	bird	True
kingfisher	vertebrate	True
kinsman	relative	True
knee	joint	True
knife	tool	True
knuckle	joint	True
laboratory	workplace	True
laborer	worker	True
lactose	chemical	True
lactose	molecule	True
lady	adult	True
lamb	animal	True
laptop	computer	True
laptop	machine	True
leak	opening	True
lecturer	adult	True
leg	limb	True
lemon	fruit	True
leprosy	disease	True
leprosy	illness	True
leukaemia	cancer	True
leukaemia	disease	True
leukaemia	tumor	True
leukemia	tumor	True
librarian	adult	True
license	document	True
limousine	car	True
limousine	vehicle	True
lingerie	clothing	True
lingerie	garment	True
lingerie	underwear	True
linguist	scientist	True
linguistics	science	True
lion	animal	True
lion	vertebrate	True
lipid	molecule	True
liqueur	alcohol	True
liqueur	beverage	True
liqueur	fluid	True
liquor	beverage	True
liquor	fluid	True
liquor	liquid	True
lizard	reptile	True
lobster	seafood	True
locomotive	vehicle	True
logic	discipline	True
logo	signal	True
logo	symbol	True
longing	feeling	True
loo	room	True
louse	insect	True
love	feeling	True
lunch	meal	True
luncheon	meal	True
lupus	disease	True
lymphoma	tumor	True
mackerel	seafood	True
magazine	medium	True
maggot	animal	True
maggot	larva	True
magistrate	official	True
magpie	animal	True
magpie	bird	True
maid	servant	True
mail	message	True
mailbox	container	True
maize	herb	True
malaria	infection	True
man	adult	True
mango	tree	True
mangrove	tree	True
mankind	mammal	True
manor	housing	True
manual	book	True
manual	publication	True
maple	wood	True
mare	animal	True
mare	horse	True
mare	vertebrate	True
margarine	food	True
mariner	worker	True
marquee	tent	True
massage	treatment	True
mater	ancestor	True
math	science	True
measles	illness	True
medication	drug	True
medicine	discipline	True
melanoma	cancer	True
melanoma	carcinoma	True
melanoma	tumor	True
melon	fruit	True
melon	solid	True
memo	note	True
memo	record	True
memorandum	note	True
meningitis	illness	True
mesothelioma	cancer	True
mesothelioma	disease	True
mesothelioma	illness	True
mesothelioma	tumor	True
metro	railway	True
microbiology	biology	True
midwife	professional	True
migraine	ache	True
migrant	traveler	True
military	organization	True
militia	organization	True
milk	beverage	True
milk	fluid	True
milk	food	True
milk	liquid	True
mime	performer	True
miner	workman	True
mishap	phenomenon	True
missile	instrument	True
missile	weapon	True
mistress	woman	True
mob	crowd	True
modifier	word	True
mollusc	animal	True
mom	parent	True
monarch	ruler	True
monastery	building	True
monastery	dwelling	True
monastery	house	True
monastery	housing	True
monoclonal	molecule	True
monoclonal	protein	True
monsoon	wind	True
moratorium	pause	True
mortar	weaponry	True
mosque	building	True
motel	building	True
moth	insect	True
mother	ancestor	True
mother	progenitor	True
mother	relative	True
motorbike	vehicle	True
motorcycle	vehicle	True
motorist	driver	True
motorway	highway	True
motorway	road	True
motto	saying	True
mucosa	tissue	True
mule	animal	True
mule	mammal	True
multiculturalism	doctrine	True
mummy	ancestor	True
murderer	criminal	True
muse	deity	True
musket	gun	True
nanny	adult	True
nanotechnology	discipline	True
navy	organization	True
negation	statement	True
nematode	invertebrate	True
nerve	tissue	True
netball	game	True
neurology	science	True
neuroscience	discipline	True
neuroscience	science	True
nickname	name	True
nipple	organ	True
nostalgia	feeling	True
notary	official	True
noun	word	True
nurse	adult	True
nursing	work	True
oat	cereal	True
objectivity	trait	True
observatory	building	True
odour	sensation	True
odyssey	travel	True
officer	serviceman	True
oil	lipid	True
ointment	drug	True
olive	fruit	True
oncology	discipline	True
oncology	science	True
opium	narcotic	True
optimism	feeling	True
orange	solid	True
orator	speaker	True
orchid	flower	True
ore	mineral	True
organist	performer	True
osteoarthritis	arthritis	True
osteoarthritis	illness	True
outpost	post	True
overhead	cost	True
overpayment	payment	True
owl	bird	True
owl	vertebrate	True
ox	animal	True
oyster	animal	True
package	collection	True
paddle	stick	True
pair	set	True
palace	dwelling	True
pancreas	organ	True
panda	animal	True
panda	mammal	True
panda	vertebrate	True
panic	fear	True
parachute	equipment	True
parameter	concept	True
parapet	wall	True
parent	relative	True
parenthesis	symbol	True
parody	caricature	True
parrot	vertebrate	True
parser	software	True
passion	feeling	True
pathologist	doctor	True
pathology	science	True
patience	trait	True
pc	computer	True
pc	machine	True
pear	fruit	True
pear	produce	True
pearl	jewel	True
pearl	jewelry	True
penguin	animal	True
penguin	bird	True
penguin	seabird	True
penicillin	antibiotic	True
penis	organ	True
pennant	signal	True
pennant	symbol	True
penthouse	housing	True
peptide	chemical	True
percussionist	performer	True
perseverance	trait	True
pet	animal	True
petal	leaf	True
petroleum	chemical	True
petroleum	oil	True
pew	bench	True
pharmacology	science	True
pharmacy	discipline	True
pheasant	animal	True
pheasant	vertebrate	True
phonology	science	True
physician	adult	True
physician	professional	True
physiology	biology	True
physiology	science	True
physiotherapist	therapist	True
physiotherapy	therapy	True
physiotherapy	treatment	True
pianist	entertainer	True
pickup	vehicle	True
pig	swine	True
pigeon	vertebrate	True
pilgrimage	journey	True
pilot	worker	True
pine	tree	True
pipe	conduit	True
piper	entertainer	True
piper	musician	True
piper	performer	True
piracy	crime	True
pirate	criminal	True
pizza	food	True
platform	surface	True
platter	ware	True
playing	show	True
playlist	information	True
playlist	list	True
plum	tree	True
pocket	container	True
poet	writer	True
polarization	phenomenon	True
pollen	spore	True
polyethylene	resin	True
polymer	chemical	True
polymerase	chemical	True
polymerase	enzyme	True
pontoon	boat	True
pony	horse	True
pony	mammal	True
pope	leader	True
porter	employee	True
porter	worker	True
porter	workman	True
postcard	mail	True
postgraduate	student	True
postman	worker	True
potato	food	True
potato	vegetable	True
pouch	container	True
pram	vehicle	True
preamble	section	True
preconception	belief	True
prefecture	district	True
prelate	clergyman	True
premier	representative	True
preposition	word	True
president	leader	True
primacy	standing	True
primate	priest	True
princess	aristocrat	True
principle	idea	True
priory	house	True
privateer	mariner	True
privateer	sailor	True
probate	document	True
professorship	occupation	True
progenitor	ancestor	True
pronoun	word	True
propaganda	information	True
prosecutor	official	True
protein	molecule	True
pseudonym	name	True
psoriasis	disease	True
psoriasis	illness	True
psychiatry	science	True
psychoanalysis	therapy	True
psychoanalysis	treatment	True
psychoanalysis	work	True
psychology	science	True
psychotherapy	discipline	True
psychotherapy	science	True
publisher	firm	True
pudding	food	True
puppy	mammal	True
puppy	vertebrate	True
python	animal	True
python	reptile	True
python	vertebrate	True
quarterback	player	True
quartz	solid	True
questionnaire	document	True
rabbit	vertebrate	True
race	contest	True
racehorse	mammal	True
racing	sport	True
radar	instrument	True
radiation	phenomenon	True
radiotherapy	care	True
radiotherapy	treatment	True
radius	magnitude	True
rage	emotion	True
rain	phenomenon	True
rainforest	vegetation	True
rainwater	water	True
raisin	produce	True
range	magnitude	True
rat	mammal	True
raven	vertebrate	True
receiver	equipment	True
receptionist	worker	True
recovery	improvement	True
rectangle	polygon	True
rector	leader	True
red	color	True
reel	equipment	True
reelection	election	True
refreshment	food	True
regent	member	True
reggae	music	True
registry	record	True
reimbursement	compensation	True
reimbursement	payment	True
reindeer	animal	True
reliability	trait	True
relief	feeling	True
remorse	feeling	True
reptile	animal	True
reptile	vertebrate	True
resentment	emotion	True
reservist	serviceman	True
resident	inhabitant	True
resignation	feeling	True
retina	tissue	True
review	appraisal	True
revolver	pistol	True
rhino	vertebrate	True
rider	traveler	True
rifle	weapon	True
rig	equipment	True
roadway	road	True
roast	meat	True
robbery	crime	True
robin	animal	True
robin	vertebrate	True
rodent	animal	True
rodent	mammal	True
rodent	vertebrate	True
roofing	equipment	True
roster	list	True
royalty	payment	True
rucksack	bag	True
rue	herb	True
rugby	game	True
rum	drug	True
rum	fluid	True
rum	liquid	True
rune	signal	True
sack	bag	True
sadness	feeling	True
safari	travel	True
salesman	employee	True
salesman	worker	True
salmon	animal	True
salmon	fish	True
sandwich	food	True
sauna	room	True
sausage	solid	True
sawmill	machine	True
saxophonist	performer	True
scapegoat	victim	True
scarf	garment	True
schoolmaster	educator	True
scissors	tool	True
scourge	instrument	True
screen	surface	True
screenwriter	writer	True
screwdriver	tool	True
seabird	bird	True
seabird	vertebrate	True
seaman	sailor	True
seaplane	airplane	True
seaplane	vehicle	True
seawater	water	True
seaweed	alga	True
secret	information	True
secretariat	organization	True
sedan	car	True
sedan	vehicle	True
seminar	gathering	True
seminary	institution	True
serpent	animal	True
serpent	reptile	True
serpent	vertebrate	True
sewer	conduit	True
shareholder	investor	True
shark	fish	True
shaving	cleaning	True
shellfish	seafood	True
shellfish	solid	True
sherry	beverage	True
sherry	liquid	True
sherry	wine	True
shirt	clothing	True
shopkeeper	merchant	True
shortcut	road	True
shovel	tool	True
shower	fixture	True
shrine	building	True
silo	tower	True
sir	man	True
sis	relative	True
sixty	integer	True
size	magnitude	True
skating	sport	True
skier	athlete	True
skin	covering	True
skin	tissue	True
skull	tissue	True
slalom	contest	True
slogan	saying	True
sloop	vehicle	True
smallpox	illness	True
smuggler	criminal	True
snail	animal	True
snake	animal	True
snippet	piece	True
snooker	game	True
soccer	game	True
sociologist	scientist	True
sociology	science	True
soldier	serviceman	True
soloist	musician	True
soloist	performer	True
son	offspring	True
son	relative	True
song	music	True
soprano	entertainer	True
soprano	performer	True
soprano	singer	True
spacecraft	equipment	True
spaceship	vehicle	True
spaghetti	food	True
spaghetti	pasta	True
spasm	symptom	True
spear	instrument	True
spear	weapon	True
spectrometer	instrument	True
spinach	herb	True
spiral	curve	True
spokesman	spokesperson	True
spokeswoman	advocate	True
spokeswoman	spokesperson	True
spoon	container	True
spouse	relative	True
sprinter	athlete	True
squid	solid	True
stag	animal	True
stag	mammal	True
stagecoach	vehicle	True
stallion	animal	True
stallion	horse	True
staple	commodity	True
statesman	leader	True
stepfather	ancestor	True
stepmother	ancestor	True
stereo	equipment	True
stipend	payment	True
stocking	commodity	True
storyteller	communicator	True
strawberry	berry	True
strut	walk	True
studio	workplace	True
subcommittee	organization	True
subcontractor	contractor	True
submarine	ship	True
subtraction	calculation	True
suburb	district	True
suit	commodity	True
suitcase	container	True
sulphate	chemical	True
sundial	instrument	True
sunlight	light	True
sunshine	phenomenon	True
supercomputer	computer	True
supercomputer	machine	True
supper	meal	True
surcharge	cost	True
surgeon	professional	True
surprise	feeling	True
swan	bird	True
swap	transaction	True
sweater	commodity	True
sweetness	sensation	True
swimmer	athlete	True
swimming	sport	True
symphony	music	True
symphony	sonata	True
symposium	meeting	True
syringe	instrument	True
tank	vehicle	True
tanker	ship	True
tanker	vehicle	True
tar	chemical	True
taste	sensation	True
tavern	building	True
taxonomy	hierarchy	True
tea	beverage	True
teacher	professional	True
teaching	occupation	True
technician	worker	True
telegraph	apparatus	True
telephony	telecommunication	True
telescope	instrument	True
telly	receiver	True
temperament	trait	True
ten	integer	True
tenant	payer	True
tench	animal	True
tench	fish	True
term	word	True
terminal	facility	True
tern	vertebrate	True
terrier	carnivore	True
terrier	dog	True
terror	emotion	True
terror	feeling	True
textbook	book	True
theater	building	True
theatre	building	True
theft	felony	True
theology	discipline	True
therapy	care	True
thermostat	regulator	True
thesaurus	publication	True
thief	criminal	True
thirty	integer	True
thoroughfare	road	True
thrill	emotion	True
throne	chair	True
throne	furniture	True
thunderstorm	storm	True
ticket	document	True
tie	clothing	True
tip	end	True
title	text	True
toad	animal	True
toast	bread	True
toast	food	True
toddler	child	True
toe	extremity	True
tomorrow	day	True
tongue	organ	True
tortoise	animal	True
tortoise	reptile	True
tour	travel	True
traction	phenomenon	True
traitor	criminal	True
transplantation	procedure	True
trolley	vehicle	True
trouser	garment	True
trumpeter	entertainer	True
trumpeter	performer	True
tsunami	wave	True
tuberculosis	disease	True
tummy	tissue	True
tumor	illness	True
tumour	illness	True
turbine	engine	True
turkey	animal	True
turkey	bird	True
turnpike	gate	True
turquoise	crystal	True
turret	tower	True
tutor	teacher	True
twelve	integer	True
twenty	integer	True
tycoon	businessman	True
typhoon	phenomenon	True
typhoon	storm	True
typography	occupation	True
tyrant	ruler	True
ultimatum	request	True
underside	boundary	True
underwear	clothing	True
uprising	conflict	True
uterus	organ	True
value	idea	True
vandalism	mischief	True
vegan	eater	True
veil	garment	True
velocity	rate	True
velvet	fabric	True
vertebrate	animal	True
vertex	point	True
vi	digit	True
vial	container	True
vicar	clergyman	True
vicar	leader	True
vicar	priest	True
vicarage	building	True
vicarage	dwelling	True
vicinity	area	True
victimisation	practice	True
vintage	beverage	True
vintage	liquid	True
violinist	entertainer	True
virus	microorganism	True
visualisation	representation	True
vocalist	performer	True
vodka	alcohol	True
voice	sound	True
vole	animal	True
vole	rodent	True
vole	vertebrate	True
volleyball	game	True
volleyball	sport	True
vulture	vertebrate	True
wader	bird	True
wader	vertebrate	True
wage	payment	True
waiter	employee	True
waitress	employee	True
waitress	waiter	True
waitress	worker	True
walnut	nut	True
walnut	seed	True
warbler	entertainer	True
warbler	performer	True
warbler	singer	True
warrant	document	True
warship	vehicle	True
washer	worker	True
waterfowl	animal	True
weakening	transformation	True
weapon	instrument	True
webcam	camera	True
wheat	cereal	True
whiskey	drug	True
whiskey	fluid	True
whiskey	liquid	True
whiskey	liquor	True
whisky	beverage	True
whisky	fluid	True
wife	spouse	True
windfall	fruit	True
wine	alcohol	True
wine	fluid	True
winger	athlete	True
winner	contestant	True
wolf	carnivore	True
wolf	vertebrate	True
woman	adult	True
woodpecker	animal	True
woodpecker	bird	True
workbook	publication	True
worm	invertebrate	True
wrath	emotion	True
writer	communicator	True
yearning	feeling	True
yellow	color	True
yesterday	day	True
yoghurt	food	True
zeal	feeling	True
zebra	animal	True
