manual	servant	False
palace	dwelling	True
islander	inhabitant	True
vertebrate	bitterness	False
instrument	telescope	False
liquid	progenitor	False
internment	captivity	True
food	woman	False
panda	animal	True
airman	sociology	False
fluid	rum	False
bird	turkey	False
eatery	building	True
building	motel	False
scarf	garment	True
rhino	vertebrate	True
vertebrate	corporation	False
vertebrate	conservatism	False
mesothelioma	cancer	True
blaze	combustion	True
memo	vehicle	False
parameter	concept	True
competitiveness	tumor	False
curve	publication	False
tree	mango	False
feeling	resignation	False
treatment	radiotherapy	False
tank	building	False
science	employee	False
dean	signal	False
animal	gasoline	False
parasite	flea	False
ban	performer	False
eagle	vertebrate	True
love	feeling	True
bonnet	vehicle	False
forearm	limb	True
autobiography	feeling	False
breeze	wind	True
dad	animal	False
vertebrate	bear	False
objectivity	trait	True
animal	snake	False
geometry	science	True
osteoarthritis	illness	True
fright	emotion	True
scapegoat	temperament	False
mesothelioma	illness	True
soprano	performer	True
python	vertebrate	True
washer	worker	True
insomnia	disorder	True
organ	nipple	False
performer	comic	False
puppy	mammal	True
veil	garment	True
lecturer	rate	False
sulphate	hair	False
radius	fluid	False
dentistry	medicine	True
basket	container	True
anger	feeling	True
science	oncology	False
organization	department	False
worker	editor	False
tortoise	joint	False
drummer	tree	False
discipline	acoustics	False
hare	fillet	False
comic	performer	True
heroism	melanoma	False
fuel	tumor	False
chamber	enclosure	True
information	waitress	False
tumour	luncheon	False
leader	rider	False
oncology	discipline	True
sensation	molecule	False
science	neurology	False
hedgehog	rodent	True
mango	tree	True
building	mosque	False
house	castle	False
vandalism	mischief	True
clubhouse	poem	False
shrine	building	True
boulevard	thoroughfare	True
stallion	horse	True
vulture	fluid	False
cockroach	alcohol	False
size	magnitude	True
waitress	employee	True
house	serviceman	False
outpost	post	True
vehicle	milk	False
bird	eagle	False
food	candy	False
sensation	fragrance	False
chemistry	science	True
yesterday	subcommittee	False
molecule	locomotive	False
subtraction	calculation	True
murderer	eleven	False
larva	maggot	False
professional	teacher	False
feeling	insect	False
airplane	vehicle	True
enzyme	animal	False
ambassador	worker	True
bear	vertebrate	True
deer	aromatherapy	False
binder	notary	False
word	modifier	False
supercomputer	machine	True
shellfish	solid	True
pony	mammal	True
feeling	compassion	False
compost	mixture	True
sociology	science	True
vertebrate	yellow	False
animal	chick	False
note	vehicle	False
vehicle	sedan	False
brethren	organization	True
invertebrate	soprano	False
nanny	adult	True
leukaemia	disease	True
leg	microorganism	False
forearm	merchant	False
vertebrate	spear	False
post	rabbit	False
tie	clothing	True
worker	cook	False
principle	idea	True
era	pine	False
spaghetti	food	True
playlist	information	True
undertaking	robin	False
vehicle	sloop	False
tavern	building	True
pearl	jewel	True
nipple	organ	True
sensation	tool	False
meat	vertebrate	False
ware	feeling	False
organization	bear	False
cardinal	bishop	True
battleship	ship	True
pew	bench	True
nostalgia	integer	False
salesman	worker	True
apple	solid	True
receiver	equipment	True
aircraft	letter	False
musket	rate	False
animal	kangaroo	False
pharmacology	man	False
amphibian	vehicle	True
animal	color	False
logo	symbol	True
conjecture	idea	True
vole	animal	True
greyhound	hound	True
optimism	feeling	True
pizza	food	True
animal	lion	False
bestseller	publication	True
kestrel	falcon	True
geometry	emotion	False
panda	vertebrate	True
porter	employee	True
animal	maggot	False
adult	anaesthetist	False
waiter	employee	True
larva	caterpillar	False
game	snooker	False
pheasant	animal	True
kingfisher	bird	True
combustion	blaze	False
ointment	smallpox	False
tower	turret	False
bingo	fluid	False
woman	mistress	False
feeling	artillery	False
salesman	employee	True
perseverance	trait	True
disease	colt	False
leukaemia	cancer	True
lactose	chemical	True
receptionist	worker	True
firm	carnivore	False
raisin	produce	True
lactose	pony	False
worker	postman	False
consistency	hardness	False
mariner	worker	True
chemical	food	False
wife	beer	False
solid	shellfish	False
light	resident	False
lady	adult	True
wrath	emotion	True
information	disease	False
animal	diabetes	False
navy	organization	True
nostalgia	offspring	False
disco	music	True
cat	carnivore	True
dish	container	True
fabric	velvet	False
hound	python	False
son	offspring	True
pear	weapon	False
gent	playing	False
whisky	fluid	True
illness	asylum	False
tummy	tissue	True
tree	almond	False
sack	emotion	False
radius	magnitude	True
text	illustration	False
feeling	love	False
melanoma	cancer	True
murderer	criminal	True
beverage	tea	False
science	pear	False
journalist	columnist	False
disease	animal	False
mischief	collagen	False
herb	osteoarthritis	False
disease	herpes	False
bluegrass	herb	True
performer	physiotherapy	False
hallway	passageway	True
aphid	invertebrate	True
elm	tree	True
marker	bookmark	False
gasoline	fuel	True
trouser	geometry	False
pearl	jewelry	True
piper	illness	False
covenant	vehicle	False
liquid	pet	False
feeling	longing	False
vertebrate	vole	False
disease	flu	False
parent	daddy	False
airman	worker	True
scourge	end	False
annals	periodical	True
cancer	mesothelioma	False
alcohol	liqueur	False
salesman	ache	False
contest	vertebrate	False
python	animal	True
bread	toast	False
container	terminal	False
dragonfly	insect	True
acoustics	discipline	True
cotton	fiber	True
keyboardist	performer	True
cold	illness	True
clinician	software	False
turkey	bird	True
leprosy	illness	True
polymerase	treatment	False
polymer	chemical	True
house	chalet	False
clergyman	vicar	False
drug	jurisprudence	False
information	playlist	False
insect	drone	False
illness	digit	False
anger	lizard	False
gland	organ	True
trait	competitiveness	False
yoghurt	food	True
rodent	vole	False
leg	limb	True
relative	ore	False
humanism	doctrine	True
batsman	player	True
migration	organization	False
dragonfly	animal	True
immunology	investment	False
bird	chick	False
rum	fluid	True
polymer	oil	False
melanoma	tumor	True
building	envy	False
cardinal	leader	True
penguin	bird	True
electronics	science	True
teacher	professional	True
rue	herb	True
discipline	housing	False
herb	vehicle	False
undertaking	slalom	False
emigration	migration	True
animosity	feeling	True
horse	stallion	False
warbler	performer	True
cockroach	insect	True
aircraft	astronomy	False
horse	animal	True
chariot	vehicle	True
commerce	importation	False
cellist	puppy	False
competitiveness	dentistry	False
platter	publication	False
bird	snake	False
environmentalist	reformer	True
frigate	vehicle	True
shortcut	decoration	False
mucosa	tissue	True
eagle	animal	True
athlete	swimmer	False
vertebrate	bat	False
attitude	bookshop	False
logo	squid	False
vial	commodity	False
drummer	entertainer	True
equipment	parachute	False
singer	soprano	False
priest	pocket	False
knife	tool	True
symposium	meeting	True
empress	chemical	False
enzymology	science	True
chancellor	basket	False
polygon	rectangle	False
encyclopedia	book	True
pig	science	False
nickname	name	True
terminal	facility	True
jet	vehicle	True
commodity	stocking	False
greyhound	symbol	False
border	boundary	True
battleship	vehicle	True
chateau	dwelling	True
heterogeneity	difference	True
agony	anaesthetist	False
workplace	studio	False
department	organization	True
relative	leader	False
eel	solid	True
ox	animal	True
seafood	worker	False
dean	leader	True
locomotive	vehicle	True
cereal	herb	True
melanoma	carcinoma	True
mollusc	animal	True
chamber	animal	False
polymerase	chemical	True
solution	migration	False
dwelling	chateau	False
child	sherry	False
food	pizza	False
jewelry	drummer	False
condominium	dwelling	True
fluid	whiskey	False
psychotherapy	dinner	False
crystal	turquoise	False
butter	solid	True
baroness	aristocrat	True
spaceship	vehicle	True
adjective	word	True
tool	fluid	False
dermatitis	tumor	False
package	collection	True
animal	toad	False
bike	vehicle	True
subcommittee	fresco	False
vertex	priest	False
kindergarten	institution	True
soccer	game	True
entertainer	trumpeter	False
lesbian	crowd	False
bear	carnivore	True
fisherman	worker	True
business	disease	False
gorilla	mammal	True
remorse	feeling	True
deer	animal	True
document	covenant	False
ink	fluid	True
auto	vehicle	True
economics	discipline	True
bulldog	dog	True
software	food	False
contract	statement	True
electronics	discipline	True
tumour	illness	True
document	affidavit	False
odour	sensation	True
oncology	science	True
underwear	clothing	True
tench	fish	True
holly	tree	True
hostel	hotel	True
prelate	clergyman	True
stocking	commodity	True
drug	benzodiazepine	False
fear	suitcase	False
overpayment	therapist	False
rugby	game	True
energy	heat	False
surface	screen	False
entertainer	cellist	False
soldier	serviceman	True
geek	performer	True
telecommunication	crime	False
aneurysm	disorder	True
animal	bug	False
sixty	integer	True
insect	fencing	False
taste	sensation	True
telegraph	apparatus	True
guesthouse	housing	True
liquid	standing	False
trouser	garment	True
competitiveness	screenwriter	False
ache	pain	True
football	game	True
relative	game	False
inhabitant	resident	False
baronetcy	status	True
pig	swine	True
trolley	vehicle	True
petal	vehicle	False
chamber	house	False
building	observatory	False
glaucoma	disease	True
artery	vessel	True
fodder	worker	True
nerve	tissue	True
statement	contract	False
swimming	sport	True
security	indemnity	False
science	artery	False
humankind	vertebrate	True
chick	vertebrate	True
workman	fruit	False
motorway	road	True
resignation	feeling	True
resignation	discipline	False
motorcycle	karaoke	False
anatomy	discipline	True
musician	road	False
radar	instrument	True
feeling	desire	False
prosecutor	official	True
organization	directorate	False
traction	phenomenon	True
monastery	house	True
postman	worker	True
astronomy	science	True
mishap	phenomenon	True
etching	discipline	False
scientist	henchman	False
ape	book	False
resentment	employee	False
vertebrate	cow	False
fresco	art	True
fly	grandchild	False
discipline	psychotherapy	False
collagen	molecule	True
feeling	passion	False
phenomenon	compensation	False
greyhound	dog	True
airplane	bomber	False
dog	mammal	True
clothing	shirt	False
yearning	feeling	True
father	progenitor	True
laboratory	workplace	True
feeder	animal	True
tomorrow	relative	False
vehicle	elm	False
baggage	container	True
man	pronoun	False
weapon	rifle	False
title	text	True
linguistics	science	True
beverage	vehicle	False
mare	animal	True
liquor	fluid	True
bird	penguin	False
snake	jewel	False
writer	poet	False
reformer	crime	False
bra	clothing	True
cellist	entertainer	True
contest	final	False
pear	produce	True
logic	mammal	False
car	sedan	False
biplane	airplane	True
car	limousine	False
woodpecker	covenant	False
seafood	carp	False
company	institution	True
joint	change	False
limousine	workbook	False
pirate	adult	False
fingertip	tip	True
spouse	relative	True
empress	ruler	True
kestrel	hawk	True
nickname	disability	False
lion	vertebrate	True
chick	smuggler	False
animal	vial	False
emotion	fright	False
dyke	vertebrate	False
documentary	movie	True
cocktail	alcohol	True
pickup	vehicle	True
son	relative	True
seafood	mackerel	False
sport	football	False
adrenaline	integer	False
furniture	throne	False
laborer	worker	True
parapet	insect	False
throne	chair	True
mangrove	tree	True
archbishop	clergyman	True
woman	math	False
feeling	serviceman	False
jewel	gunboat	False
commodity	dryer	False
boat	chair	False
badminton	kettle	False
scientist	dad	False
shopkeeper	merchant	True
shark	assortment	False
covenant	document	True
midwife	alcohol	False
shareholder	investor	True
smuggler	criminal	True
narrative	wine	False
eel	kingfisher	False
animal	artillery	False
polarization	phenomenon	True
dove	people	False
submarine	ship	True
crow	animal	True
preamble	section	True
handset	equipment	True
asp	reptile	True
osteoarthritis	arthritis	True
interoperability	height	False
monoclonal	molecule	True
housekeeper	servant	True
moratorium	pause	True
jam	food	True
hostess	host	True
turret	tower	True
leprosy	kestrel	False
commodity	geek	False
pilot	worker	True
wage	airplane	False
hymn	song	True
cricketer	athlete	True
dryer	cottage	False
pocket	vehicle	False
melon	fruit	True
molecule	monoclonal	False
integer	animal	False
liquid	road	False
folly	tent	False
dagger	instrument	True
bungalow	house	True
carbohydrate	molecule	True
saxophonist	performer	True
joint	knuckle	False
physician	shelter	False
facade	outpost	False
diplomat	worker	True
sloop	vehicle	True
feeling	relief	False
bird	seabird	False
artiste	entertainer	True
garment	eater	False
encyclopedia	ale	False
disorder	hysteria	False
flour	food	True
knee	joint	True
freeway	district	False
calamity	misfortune	True
tongue	organ	True
alga	microorganism	True
anorexia	disorder	True
mime	performer	True
vessel	stick	False
parent	relative	True
discipline	ceremony	False
priory	tycoon	False
miner	arthritis	False
gent	entertainer	False
road	freeway	False
polarization	emotion	False
opening	feeling	False
music	monarch	False
helicopter	vehicle	True
vertebrate	panda	False
daddy	parent	True
geology	discipline	True
dove	animal	True
aesthetic	doctrine	True
daughter	offspring	True
vertebrate	worker	False
vertebrate	site	False
hamlet	condominium	False
turbine	cold	False
knife	raven	False
shortcut	feeling	False
ale	alcohol	True
solid	orange	False
disability	hare	False
apathy	magnitude	False
petal	neurology	False
ship	submarine	False
goose	victim	False
anniversary	lingerie	False
disability	math	False
piper	entertainer	True
lizard	entertainer	False
archbishop	garment	False
hysteria	disorder	True
produce	music	False
coaching	chart	False
dancer	autobiography	False
jurisprudence	discipline	True
mammal	enzyme	False
butterfly	vertebrate	False
adult	nanny	False
poet	writer	True
psychoanalysis	cow	False
vertebrate	pheasant	False
whiskey	meal	False
memo	record	True
liquid	liquor	False
fallacy	idea	True
dyke	lesbian	True
bonnet	clothing	True
rainforest	vegetation	True
dish	integer	False
thrill	energy	False
bug	animal	True
chapel	building	True
robin	animal	True
badminton	sport	True
kettle	utensil	True
fish	animal	True
record	autobiography	False
pocket	container	True
vehicle	gunboat	False
alley	thoroughfare	True
consistency	fly	False
information	documentation	False
performer	soprano	False
misfortune	mom	False
relative	granny	False
bonnet	commodity	True
multiculturalism	doctrine	True
slalom	hedgehog	False
lemon	fruit	True
vole	vertebrate	True
luncheon	meal	True
dioxide	military	False
hepatitis	illness	True
vertebrate	art	False
son	hospital	False
psychiatry	clinician	False
apathy	feeling	True
adult	librarian	False
lizard	reptile	True
cleaning	animal	False
eagle	bird	True
doctrine	privateer	False
overhead	cost	True
bear	webcam	False
vintage	liquid	True
entertainer	piper	False
asthma	illness	True
shower	fixture	True
ipod	system	True
surprise	guesthouse	False
hair	beard	False
gateway	entrance	True
bookshop	shop	True
whiskey	liquid	True
hair	desire	False
wind	vicar	False
secret	information	True
handgun	chick	False
drug	hall	False
concept	gastropod	False
herring	feeling	False
granny	relative	True
clerk	worker	True
discipline	limb	False
kestrel	vertebrate	True
infant	relative	True
worker	airman	False
transplantation	procedure	True
inhabitant	islander	False
vehicle	tank	False
bottle	container	True
science	robin	False
heterogeneity	vertebrate	False
tortoise	animal	True
symphony	sonata	True
pronoun	word	True
cleaning	shaving	False
owl	vertebrate	True
strawberry	berry	True
wage	payment	True
bureau	organization	True
carbonate	chemical	True
animal	organization	False
biochemistry	science	True
dog	bulldog	False
waiter	waitress	False
feeling	jealousy	False
stipend	payment	True
lupus	disease	True
sewer	conduit	True
porter	panic	False
monsoon	wind	True
pseudonym	dwelling	False
carbonate	worker	False
preposition	word	True
chimpanzee	vertebrate	True
sociologist	panda	False
biochemistry	chemistry	True
ecstasy	sport	False
mule	animal	True
telly	receiver	True
puppy	employee	False
gorge	valley	True
bronze	alloy	True
facade	surface	True
member	regent	False
berry	diplomat	False
equipment	attorney	False
electrician	worker	True
telescope	instrument	True
athlete	filly	False
salmon	animal	True
trait	road	False
mischief	hydrocarbon	False
treatment	people	False
aircraft	bomber	False
enclosure	cage	False
house	monastery	False
waterfowl	animal	True
stereo	equipment	True
computer	catastrophe	False
charity	institution	True
turnpike	gate	True
cycling	sport	True
feeling	envy	False
firm	organization	True
binder	performer	False
hawk	animal	True
professorship	misfortune	False
bamboo	wood	True
final	contest	True
governor	drift	False
leak	opening	True
checklist	list	True
sundial	instrument	True
owl	bird	True
roast	salmon	False
handgun	weapon	True
vehicle	vintage	False
sack	bag	True
chalet	house	True
illness	tumor	False
brigade	organization	True
deanery	building	True
salmon	intestine	False
fox	animal	True
felony	transgression	True
rodent	hamster	False
spacecraft	equipment	True
investment	transaction	True
occupation	vertebrate	False
animal	waterfowl	False
yellow	color	True
dermatitis	disease	True
ceremony	initiation	False
henchman	criminal	True
highway	road	True
gym	panda	False
performer	food	False
antiquity	era	True
convent	dwelling	True
fluid	beverage	False
tumor	illness	True
disease	housing	False
swan	symbol	False
rodent	mammal	True
height	magnitude	True
catcher	psoriasis	False
jigsaw	worker	False
tower	aneurysm	False
fiber	entertainer	False
dragonfly	oil	False
tree	travel	False
thief	criminal	True
asthma	tissue	False
traveler	owl	False
objectivity	visualisation	False
bird	animal	True
snippet	feeling	False
nanotechnology	discipline	True
dancing	discipline	True
drug	anaesthetic	False
serviceman	soldier	False
road	highway	False
eleven	integer	True
sensation	information	False
performer	disease	False
baritone	singer	True
molecule	vehicle	False
sir	man	True
list	chapel	False
animal	affidavit	False
modifier	word	True
thirty	integer	True
transformation	conversion	False
jewelry	freeware	False
grandchild	relative	True
geometry	discipline	True
biplane	vehicle	True
hardness	consistency	True
enumeration	information	True
buggy	vehicle	True
herb	rue	False
pram	greyhound	False
ferry	boat	True
caring	love	True
aircraft	vehicle	True
fish	kestrel	False
toast	food	True
cannon	tree	False
spaghetti	forearm	False
computer	laptop	False
bead	jewelry	True
vertex	point	True
progenitor	father	False
pennant	signal	True
carbohydrate	cellulose	False
pharmacy	discipline	True
fluid	record	False
beverage	symbol	False
pseudonym	name	True
sherry	liquid	True
furniture	word	False
parenthesis	symbol	True
zeal	feeling	True
shellfish	seafood	True
bowling	clothing	False
animal	lamb	False
relative	parent	False
worker	hospital	False
desk	furniture	True
employee	worker	True
linguist	scientist	True
paddle	stick	True
molecule	carbohydrate	False
equipment	reel	False
glider	aircraft	True
inference	vehicle	False
football	sport	True
cellulose	chemical	True
migrant	traveler	True
bug	invertebrate	True
adult	instrument	False
animal	crow	False
icon	signal	True
gemstone	crystal	True
piper	performer	True
lunch	meal	True
swimmer	athlete	True
fullback	baronetcy	False
dorm	housing	True
adrenaline	chemical	True
bureau	leaf	False
comedian	performer	True
husband	competitiveness	False
commodity	car	False
enzyme	molecule	True
neurology	science	True
clinician	professional	True
vertebrate	organization	False
beech	tree	True
murderer	competitiveness	False
plum	tree	True
chick	bird	True
sailor	oil	False
grandparent	grandfather	False
tutor	teacher	True
vertebrate	asp	False
idea	fender	False
relief	feeling	True
day	tomorrow	False
celery	herb	True
wine	road	False
baby	offspring	True
tanker	ship	True
equipment	sherry	False
butterfly	animal	True
wrath	science	False
waterfowl	crystal	False
criminology	discipline	True
offspring	son	False
wader	science	False
fruit	illness	False
liquid	sherry	False
memorandum	racing	False
equipment	roofing	False
leader	pope	False
woman	adult	True
kilt	monoclonal	False
organist	performer	True
netball	sport	False
vertebrate	animal	True
oyster	animal	True
descendent	relative	True
sherry	cancer	False
benzodiazepine	drug	True
vehicle	parser	False
feeling	weapon	False
farmhouse	house	True
eagle	tip	False
knuckle	joint	True
kickoff	kick	True
champagne	alcohol	True
percussionist	performer	True
castle	building	True
disease	lupus	False
meningitis	illness	True
schoolmaster	educator	True
mortar	insecticide	False
longing	feeling	True
dwelling	convent	False
terror	granny	False
librarian	adult	True
saying	slogan	False
reelection	election	True
fluid	alcohol	False
alcohol	psychology	False
condominium	housing	True
abstraction	concept	True
counterattack	seafood	False
pesticide	girlfriend	False
beard	hair	True
chimpanzee	mammal	True
amphetamine	drug	True
pheasant	vertebrate	True
enumeration	list	True
protein	molecule	True
snail	animal	True
firm	publisher	False
graveyard	transaction	False
gunboat	vehicle	True
accusation	statement	True
dealer	merchant	True
organization	club	False
fruit	melon	False
building	theater	False
petroleum	oil	True
stag	animal	True
competitiveness	trait	True
seawater	water	True
immigration	migration	True
animal	magpie	False
cancer	drug	False
antibiotic	drug	True
bead	decoration	False
calculation	temperature	False
musician	piper	False
wolf	vertebrate	True
stallion	statement	False
psychoanalysis	treatment	True
spear	weapon	True
slalom	contest	True
corporation	organization	True
cemetery	site	True
neuroscience	discipline	True
official	cardinal	False
alderman	representative	True
seabird	bird	True
vehicle	amphibian	False
fluorescence	sausage	False
entertainer	biologist	False
recovery	improvement	True
vehicle	bike	False
pesticide	insecticide	False
representative	alderman	False
integer	ecstasy	False
geology	charcoal	False
lecturer	adult	True
housing	guesthouse	False
prosecutor	magnitude	False
signal	walnut	False
logo	signal	True
cosmology	relief	False
asp	workplace	False
apprehension	offspring	False
fruit	pear	False
kilt	commodity	True
whiskey	fluid	True
aircraft	biplane	False
ship	tanker	False
theater	building	True
moth	insect	True
scissors	tool	True
dioxin	package	False
kingfisher	vertebrate	True
tar	chemical	True
warbler	singer	True
bag	rucksack	False
sunlight	light	True
raven	vertebrate	True
suburb	district	True
pseudonym	golf	False
netball	game	True
dealership	business	True
final	cotton	False
heat	armchair	False
cataract	illness	True
bishop	cardinal	False
workman	porter	False
campsite	discipline	False
spasm	symptom	True
serpent	animal	True
bead	performer	False
chemical	carbonate	False
basketball	game	True
hypnotherapy	treatment	True
note	cockroach	False
muse	deity	True
rider	traveler	True
phenomenon	mishap	False
joker	performer	True
wolf	carnivore	True
shortcut	road	True
magnitude	beverage	False
boar	spokesperson	False
swap	transaction	True
terrier	dog	True
monastery	dwelling	True
cradle	furniture	True
dryer	parent	False
dryer	commodity	True
rodent	animal	True
whiskey	drug	True
illustration	artwork	True
container	disease	False
aircraft	insect	False
elephant	animal	True
treatment	psychoanalysis	False
motorbike	vehicle	True
cradle	airplane	False
integer	twenty	False
word	flu	False
bereavement	emotion	True
animal	receptionist	False
vodka	alcohol	True
husband	relative	True
cannon	artillery	True
disease	worm	False
dwelling	housing	True
trumpeter	entertainer	True
caterpillar	larva	True
border	feeling	False
oncology	skating	False
desire	feeling	True
reimbursement	insect	False
limousine	vehicle	True
performer	artiste	False
animal	furniture	False
anaesthetist	adult	True
priory	house	True
maggot	animal	True
lion	animal	True
greyhound	eatery	False
maggot	larva	True
kindergarten	organization	True
illness	smallpox	False
publication	linguist	False
alpha	symbol	True
artillery	cannon	False
game	reelection	False
folly	dealer	False
carpenter	worker	True
hare	animal	True
mammal	chimpanzee	False
alcohol	container	False
denim	clothing	True
cider	fluid	True
psychology	science	True
nursing	work	True
record	memo	False
thoroughfare	road	True
kestrel	worker	False
animal	reindeer	False
trait	parameter	False
measles	illness	True
fruit	pizza	False
performer	geek	False
earring	decoration	True
lingerie	garment	True
roofing	recovery	False
complacency	feeling	True
psychoanalysis	therapy	True
kilt	clothing	True
game	netball	False
dolphin	animal	True
phenomenon	rain	False
chemistry	liquid	False
road	roadway	False
crab	illness	False
entertainer	penguin	False
dog	kingfisher	False
sadness	feeling	True
netball	vehicle	False
wheat	cereal	True
sixty	relative	False
animal	funeral	False
science	wheat	False
entertainer	leg	False
emigrant	migrant	True
inn	building	True
officer	daughter	False
strawberry	alcohol	False
bee	invertebrate	True
falsehood	flea	False
mischief	vandalism	False
tycoon	businessman	True
theology	discipline	True
motorist	firearm	False
road	representative	False
jacket	garment	True
vertebrate	victim	False
mother	relative	True
chalet	building	True
worker	pilot	False
affection	feeling	True
building	craftsman	False
sociologist	scientist	True
fresco	painting	True
reimbursement	compensation	True
parrot	food	False
bounty	payment	True
seabird	vertebrate	True
polymerase	enzyme	True
rain	phenomenon	True
chick	animal	True
payment	overpayment	False
camera	equipment	True
editor	worker	True
memorandum	note	True
documentation	information	True
foreman	superior	True
phonology	science	True
ink	liquid	True
olive	fruit	True
thief	potato	False
tool	celery	False
ale	fluid	True
fencing	obstruction	True
liquid	jewelry	False
liquid	beer	False
mail	postcard	False
medicine	discipline	True
worker	athlete	False
potato	foreman	False
motorist	driver	True
dogma	ship	False
cow	vertebrate	True
bed	furniture	True
container	technician	False
scapegoat	victim	True
nurse	adult	True
ginger	herb	True
boat	pontoon	False
carnivore	dog	False
animal	kickoff	False
penicillin	antibiotic	True
bottle	throne	False
reindeer	animal	True
mosque	building	True
cat	locomotive	False
adult	physician	False
criminal	drone	False
vertebrate	puppy	False
bean	vegetable	True
depth	magnitude	True
warship	vehicle	True
professional	liquor	False
antibody	molecule	True
food	sandwich	False
bargain	agreement	True
hamster	science	False
tench	animal	True
worker	breaker	False
institution	seminary	False
pair	set	True
zebra	animal	True
merchant	shopkeeper	False
illness	document	False
standing	ape	False
leader	science	False
bat	vertebrate	True
regent	member	True
technician	relative	False
trait	temperament	False
game	bowling	False
envy	feeling	True
protein	kilt	False
felony	panda	False
information	pine	False
animal	immigration	False
gall	disease	True
cat	mammal	True
instrument	royalty	False
shellfish	emotion	False
beer	machine	False
opening	leak	False
marquee	tent	True
environmentalist	entertainer	False
psychiatry	science	True
chant	boss	False
compassion	feeling	True
boar	mammal	True
rectangle	polygon	True
word	trait	False
cracker	food	True
limb	leg	False
toast	bread	True
compensation	publication	False
vehicle	warship	False
reptile	animal	True
thoroughfare	boulevard	False
vehicle	osteoarthritis	False
feeling	animosity	False
rodent	hedgehog	False
autobiography	record	True
breaker	worker	True
clothing	karaoke	False
crocodile	animal	True
software	fruit	False
animal	turkey	False
sandwich	food	True
flea	parasite	True
intestine	equipment	False
name	gent	False
symbol	cairn	False
oyster	science	False
volleyball	sport	True
castle	housing	True
therapy	son	False
drizzle	rain	True
toddler	lobster	False
animal	hawk	False
economist	scientist	True
smallpox	illness	True
weapon	instrument	True
assortment	collection	True
algebra	science	True
feeling	rum	False
vial	container	True
piracy	crime	True
waitress	waiter	True
vehicle	frigate	False
waterfowl	parent	False
organ	animal	False
vintage	beverage	True
rabbit	vertebrate	True
clothing	tie	False
greyhound	collection	False
liquid	beverage	False
woman	bridesmaid	False
alga	garment	False
insect	ant	False
reel	equipment	True
insect	illness	False
molecule	cancer	False
ant	insect	True
symptom	spasm	False
insect	cricket	False
entertainer	artiste	False
yellow	protein	False
jeweller	maker	True
standing	animal	False
girlfriend	woman	True
publication	bestseller	False
food	spaghetti	False
liqueur	alcohol	True
mater	turret	False
fragrance	sensation	True
misfortune	calamity	False
manual	publication	True
payment	solid	False
dentistry	piracy	False
science	algebra	False
kinsman	relative	True
sport	equipment	False
professional	ruler	False
disappointment	feeling	True
list	enumeration	False
jewelry	decoration	True
alcohol	hotel	False
wife	coupe	False
batsman	athlete	True
clothing	denim	False
cancer	drummer	False
shaving	cleaning	True
housing	monastery	False
businessman	tycoon	False
mother	food	False
coupe	pc	False
oat	cereal	True
vertebrate	raven	False
beer	railway	False
telephony	telecommunication	True
feeling	doctrine	False
peptide	chemical	True
algebra	potato	False
bird	woman	False
tern	discipline	False
grandmother	grandparent	True
pony	horse	True
aphid	insect	True
pollen	spore	True
turquoise	crystal	True
beverage	panda	False
jelly	chapel	False
vehicle	invertebrate	False
chemical	benzene	False
underside	sensation	False
campsite	site	True
excuse	physician	False
grove	vegetation	True
mollusc	business	False
diabetes	disease	True
vicarage	dwelling	True
fluid	cider	False
soprano	entertainer	True
vehicle	woman	False
utensil	kettle	False
missile	instrument	True
shovel	tool	True
courtroom	room	True
sport	hymn	False
radiotherapy	care	True
cutlery	tool	True
carnivore	ferret	False
hare	mammal	True
thesaurus	publication	True
coupe	vehicle	True
bowling	game	True
frustration	terror	False
cat	drone	False
handgun	worker	False
physiotherapy	treatment	True
ice	crystal	True
honey	food	True
tea	beverage	True
hound	greyhound	False
animal	ship	False
projectile	limb	False
furniture	shark	False
immunology	science	True
room	sauna	False
croquet	sport	True
enzyme	chick	False
memo	note	True
offspring	granddaughter	False
contractor	declaration	False
integer	fish	False
science	math	False
artillery	armament	True
twenty	integer	True
feeling	benzodiazepine	False
racing	sport	True
cosmology	discipline	True
physiology	science	True
attack	animal	False
acid	chemical	True
reimbursement	payment	True
animal	invertebrate	False
organ	uterus	False
deanery	dwelling	True
rum	liquid	True
chick	seed	False
vehicle	entertainer	False
mariner	ruler	False
organization	bureau	False
artwork	integer	False
crystal	leader	False
doctrine	aesthetic	False
cancer	melanoma	False
dictionary	book	True
discipline	logic	False
adult	gent	False
illness	tumour	False
medication	drug	True
mosque	castle	False
bed	insect	False
hamster	rodent	True
passageway	corridor	False
psychoanalysis	work	True
rucksack	bag	True
term	telly	False
sport	histogram	False
animal	cameraman	False
horse	vertebrate	True
dimension	castle	False
building	castle	False
rain	drizzle	False
song	piper	False
molecule	toast	False
piracy	feeling	False
conduit	aqueduct	False
physician	professional	True
science	alga	False
instrument	missile	False
camera	clinician	False
algebra	athlete	False
vertebrate	eagle	False
officer	serviceman	True
dormitory	building	True
building	shrine	False
sauna	room	True
seabird	penguin	False
liqueur	feeling	False
asp	snake	True
investing	transaction	True
sonata	symphony	False
fallacy	produce	False
indemnity	security	True
monarch	ruler	True
gasoline	hymn	False
vertebrate	lion	False
liquor	liquid	True
statement	accusation	False
shirt	thoroughfare	False
jam	trait	False
care	radiotherapy	False
beer	beverage	True
fox	vertebrate	True
dinosaur	vertebrate	True
screen	surface	True
tanker	vehicle	True
laptop	machine	True
therapy	building	False
temperament	trait	True
athlete	cricketer	False
instrument	radar	False
attorney	professional	True
lipid	molecule	True
relative	infant	False
phenomenon	fluorescence	False
pharmacology	science	True
catastrophe	misfortune	True
baritone	entertainer	True
sailor	forearm	False
toddler	child	True
clown	fool	True
storm	overpayment	False
carp	seafood	True
neuroscience	science	True
jelly	food	True
fruit	olive	False
platter	ware	True
mammal	illness	False
worker	traveler	False
word	emotion	False
adrenaline	neurotransmitter	True
gasoline	hydrocarbon	True
pet	animal	True
ape	mammal	True
anaesthetic	drug	True
serpent	vertebrate	True
lemon	throne	False
floor	surface	True
vicar	bottle	False
vicar	clergyman	True
vehicle	trolley	False
soloist	performer	True
cricket	insect	True
science	linguistics	False
beverage	liquid	True
tank	vehicle	True
subcontractor	cassette	False
rodent	weapon	False
decrease	change	True
worker	phenomenon	False
gin	beverage	True
feeling	surprise	False
catcher	player	True
instrument	animal	False
feeling	military	False
vegetable	artiste	False
directorate	organization	True
stepfather	ancestor	True
petal	leaf	True
trumpeter	performer	True
feeling	terror	False
discipline	pharmacy	False
magnitude	size	False
refreshment	food	True
fillet	antibiotic	False
magazine	medium	True
deer	mammal	True
importation	commerce	True
ointment	drug	True
royalty	payment	True
stagecoach	vehicle	True
tuberculosis	disease	True
adult	tree	False
pc	food	False
primacy	standing	True
flea	invertebrate	True
beverage	fluid	True
librarian	document	False
tomorrow	day	True
radiotherapy	treatment	True
man	adult	True
maggot	muse	False
symbol	vehicle	False
mammal	disease	False
champagne	batsman	False
coaching	occupation	True
terror	feeling	True
goose	vertebrate	True
playlist	list	True
dioxide	oxide	True
mammal	boar	False
sport	swimming	False
panda	mammal	True
discipline	anatomy	False
princess	aristocrat	True
clergyman	archbishop	False
safari	travel	True
integer	rodent	False
osteoarthritis	catcher	False
vehicle	worker	False
horse	bear	False
detective	policeman	True
bee	animal	True
treatment	alcohol	False
conservatism	attitude	True
business	meal	False
thief	housing	False
dog	word	False
migraine	staple	False
bingo	game	True
lingerie	clothing	True
sulphate	chemical	True
solid	cookie	False
tree	mangrove	False
vertebrate	crystal	False
bird	disorder	False
headline	text	True
artiste	performer	True
animal	robin	False
bomber	airplane	True
heroism	trait	True
science	decree	False
porter	workman	True
drinker	consumer	True
art	beard	False
animal	psychotherapy	False
science	neuroscience	False
corridor	passageway	True
collection	parasite	False
prefecture	district	True
funeral	ceremony	True
payment	wage	False
milk	fluid	True
cassette	therapy	False
illustration	milk	False
official	science	False
integer	ten	False
housewife	woman	True
building	potato	False
opium	narcotic	True
excitement	feeling	True
ware	fork	False
request	ultimatum	False
snippet	piece	True
beverage	list	False
volleyball	pc	False
ruler	algebra	False
house	building	True
logic	crime	False
trait	folly	False
movie	documentary	False
physiotherapist	therapist	True
hydrocarbon	gasoline	False
tool	screwdriver	False
food	margarine	False
almond	tree	True
missile	vole	False
tour	travel	True
thunderstorm	shower	False
agreement	rector	False
pancreas	coach	False
performer	commodity	False
status	baronetcy	False
tree	holly	False
mammal	biochemistry	False
cabbage	aspirin	False
obstruction	performer	False
mob	crowd	True
invertebrate	science	False
grandfather	grandparent	True
greyhound	animal	True
cellulose	mineral	False
galley	vehicle	True
container	garment	False
discipline	neuroscience	False
revolver	animal	False
ecstasy	feeling	True
yesterday	discipline	False
rune	signal	True
relative	son	False
motel	building	True
kidnapping	crime	True
playlist	bat	False
kestrel	liquor	False
governor	politician	True
melanoma	note	False
soprano	singer	True
bamboo	bear	False
pine	tree	True
screwdriver	tool	True
orange	solid	True
ecologist	scientist	True
croquet	game	True
house	priory	False
range	magnitude	True
premier	representative	True
vulture	vertebrate	True
magpie	animal	True
cairn	symbol	True
toe	extremity	True
cook	worker	True
brook	stream	True
porter	worker	True
disorder	laboratory	False
wine	fluid	True
disease	gall	False
gent	adult	True
leprosy	disease	True
automobile	vehicle	True
dog	greyhound	False
interoperability	ability	True
discipline	geology	False
seaplane	airplane	True
vehicle	duck	False
stallion	animal	True
flu	disease	True
binder	machine	True
seminary	institution	True
migraine	ache	True
skier	athlete	True
caring	bacterium	False
insecticide	pesticide	True
nipple	heterogeneity	False
warbler	father	False
immunology	discipline	True
foetus	vertebrate	True
ticket	document	True
surprise	feeling	True
cocktail	affection	False
dwelling	conversion	False
animal	panda	False
therapy	psychoanalysis	False
psoriasis	illness	True
bag	collagen	False
fear	ecologist	False
liquid	vintage	False
crab	invertebrate	True
sir	opium	False
misfortune	catastrophe	False
animal	feeder	False
ecstasy	emotion	True
beer	liquid	True
phenomenon	polarization	False
colt	male	True
miner	officer	False
equipment	camera	False
agony	feeling	True
policeman	theft	False
courthouse	building	True
overpayment	payment	True
insomnia	dictionary	False
cage	enclosure	True
granddaughter	offspring	True
animal	calf	False
noun	word	True
antibody	nematode	False
limousine	car	True
caterpillar	aesthetic	False
voice	sound	True
chemical	rat	False
ultimatum	request	True
caucus	gathering	True
vodka	privateer	False
boat	reformer	False
buggy	garment	False
freeway	road	True
lactose	molecule	True
brother	kinsman	True
parrot	vertebrate	True
biologist	scientist	True
animal	bull	False
postcard	mail	True
migrant	feeling	False
term	word	True
reptile	business	False
publisher	firm	True
performer	mime	False
solution	batsman	False
aqueduct	pianist	False
performer	vocalist	False
statesman	buggy	False
eating	consumption	True
discussion	communication	True
palace	electrician	False
sunlight	dealer	False
boat	dinghy	False
jean	garment	True
workplace	snippet	False
illness	mesothelioma	False
psychotherapy	discipline	True
chemotherapy	rum	False
symbol	leaf	False
sport	golf	False
curve	feeling	False
chamber	objectivity	False
pear	fruit	True
animal	python	False
farmhouse	building	True
laptop	computer	True
fender	barrier	True
butcher	merchant	True
glider	vehicle	True
whiskey	dagger	False
criminology	sherry	False
rifle	psychoanalysis	False
science	concept	False
magnitude	radius	False
traction	influenza	False
contract	musician	False
milk	food	True
institution	produce	False
birthday	anniversary	True
liquor	odyssey	False
pesticide	beard	False
pontoon	boat	True
underside	boundary	True
kestrel	animal	True
integer	eleven	False
nostalgia	feeling	True
conversion	transformation	True
performer	drummer	False
motorcycle	vehicle	True
workbook	publication	True
cellist	performer	True
carcinoma	cancer	True
dart	motorway	False
container	teacher	False
animal	reptile	False
kestrel	netball	False
gun	crusade	False
beverage	beer	False
influenza	illness	True
invertebrate	animal	True
magpie	science	False
patience	trait	True
candy	food	True
bitterness	feeling	True
bookmark	performer	False
parapet	wall	True
ferret	carnivore	True
throne	furniture	True
explosive	aircraft	False
animal	bitterness	False
telecommunication	twenty	False
bird	cookie	False
mammal	mankind	False
machine	biochemistry	False
stocking	limousine	False
maid	bench	False
rum	drug	True
waitress	worker	True
information	corporation	False
information	propaganda	False
security	fresco	False
oxide	list	False
asp	vertebrate	True
food	gun	False
biochemistry	enzymology	False
turkey	employee	False
gemstone	mammal	False
roster	list	True
fillet	meat	True
discipline	geometry	False
mailbox	crusade	False
uterus	organ	True
heat	energy	True
human	vertebrate	True
coach	trainer	True
electrolyte	solution	True
puppy	performer	False
food	honey	False
answer	statement	True
petroleum	chemical	True
wine	alcohol	True
furniture	soprano	False
rodent	vertebrate	True
woodpecker	animal	True
physician	adult	True
oil	lipid	True
pudding	wind	False
primate	priest	True
bonnet	hamster	False
affidavit	document	True
python	reptile	True
right	kingfisher	False
laptop	ice	False
vertebrate	hedgehog	False
ruler	pancreas	False
epistle	letter	True
aristocrat	relative	False
calf	worker	False
receptionist	schoolmaster	False
jewelry	computer	False
infant	investor	False
commodity	kilt	False
bailiff	worker	True
note	memorandum	False
windfall	fruit	True
instrument	zebra	False
pilgrimage	journey	True
crystal	malaria	False
influenza	staple	False
worker	furniture	False
filly	female	True
sport	racing	False
hockey	sport	True
dinner	meal	True
champagne	wine	True
tenant	payer	True
leader	vehicle	False
stocking	bird	False
musket	gun	True
meal	dinner	False
math	science	True
pennant	symbol	True
balloon	aircraft	True
clothing	kilt	False
thoroughfare	alley	False
condominium	gymnasium	False
spoon	immigration	False
resident	inhabitant	True
vicarage	building	True
handgun	gun	True
ware	shirt	False
declaration	statement	True
information	surgeon	False
ore	clown	False
fishing	sport	True
vertebrate	woodpecker	False
roofing	equipment	True
host	hostess	False
cellist	vehicle	False
temperament	aristocrat	False
reliability	trait	True
puppy	vertebrate	True
era	perseverance	False
spinach	herb	True
bomber	aircraft	True
mishap	symposium	False
pesticide	cabbage	False
leukaemia	tumor	True
water	seawater	False
disease	diabetes	False
kangaroo	mammal	True
counterattack	attack	True
privateer	mariner	True
bear	mammal	True
bacterium	microorganism	True
penis	larva	False
organization	galley	False
initiation	ceremony	True
performer	saxophonist	False
apostle	believer	True
sedan	vehicle	True
bull	animal	True
player	batsman	False
frustration	feeling	True
swine	humankind	False
condom	contraceptive	True
buggy	container	True
tumor	melanoma	False
biplane	ale	False
convent	building	True
disorder	symbol	False
robin	vertebrate	True
review	appraisal	True
vehicle	tsunami	False
maize	herb	True
histogram	chart	True
mom	parent	True
jigsaw	tool	True
mailbox	container	True
phenomenon	traction	False
crystal	ice	False
rifle	weapon	True
penguin	seabird	True
dentistry	science	True
binder	disease	False
travel	safari	False
tissue	animal	False
hospital	building	True
firearm	weapon	True
kangaroo	castle	False
chocolate	food	True
logic	discipline	True
compass	instrument	True
ten	integer	True
pianist	entertainer	True
manual	book	True
drone	insect	True
reptile	list	False
crusade	undertaking	True
agony	decoration	False
preamble	meal	False
medium	animal	False
vertebrate	chariot	False
wader	vertebrate	True
shower	bee	False
dog	carnivore	True
butterfly	insect	True
seaplane	vehicle	True
publication	workbook	False
liqueur	fluid	True
club	organization	True
piper	musician	True
deafness	disability	True
surcharge	cost	True
campsite	disease	False
aqueduct	conduit	True
racehorse	mammal	True
gunboat	boat	True
mankind	mammal	True
milk	liquid	True
apprehension	fear	True
slalom	barrier	False
copyright	right	True
cookie	solid	True
motorway	highway	True
karaoke	merchant	False
castle	dwelling	True
science	dentistry	False
squid	solid	True
mime	fairytale	False
meal	sport	False
molecule	lipid	False
folly	trait	True
vole	rodent	True
race	contest	True
building	transaction	False
winger	athlete	True
garment	lingerie	False
editor	movie	False
chef	worker	True
herpes	disease	True
cook	point	False
pew	glider	False
publication	manual	False
velocity	sociology	False
columnist	journalist	True
fairytale	narrative	True
spokeswoman	spokesperson	True
parachute	equipment	True
louse	insect	True
propaganda	information	True
dagger	dolphin	False
shirt	clothing	True
container	lamb	False
gown	clothing	True
seaman	sailor	True
height	dimension	True
antibiotic	penicillin	False
seaplane	crystal	False
fullback	athlete	True
