man	men	True
arthritis	pneumonia	False
pain	subluxation	False
stroke	pain	False
hypoprothrombinemia	ulceration	False
pain	blindness	False
fever	scarlatina	False
marrow	brain	False
cellulitis	anthrax	False
hypnotic	drug	True
sweating	dysphagia	False
galactosidase	enzyme	False
illness	diarrhea	False
conjunctivitis	allergy	False
thalassemia	diet	False
anxiety	reading	False
atelectasis	measles	False
heat	abscess	False
heat	contraction	False
trauma	coughing	False
migraine	abscess	False
atelectasis	cough	False
blood	hundred	False
ketamine	cocaine	False
pain	hypothyroidism	False
haematemesis	hemorrhage	False
neurosyphilis	cellulitis	False
organism	empyema	False
anxiety	insomnia	False
tenosynovitis	pain	False
flaking	itching	False
temperature	adhesiveness	False
diarrhea	chloride	False
furunculosis	peritonitis	False
csf	blood	False
lymphocyte	monocyte	True
hemoconcentration	fever	False
aneurysm	blindness	False
fever	cellulitis	False
impetigo	anthrax	False
contraction	abscess	False
abscess	death	False
depression	contraction	False
haematemesis	pain	False
arthritis	child	False
prostatitis	organism	False
stroke	vertigo	False
measles	influenza	False
stress	excitement	False
chloride	alcohol	False
carotenoid	glutathione	False
cold	diarrhea	False
alcohol	stroke	False
pregnenolone	androgen	False
pathogen	osteomyelitis	False
blindness	stenosis	False
stress	ingestion	False
lesion	osteitis	False
illness	cellulitis	False
conjunctivitis	glomerulonephritis	False
vessel	bone	False
lesion	tension	False
contraction	tension	False
diuresis	sweating	False
diarrhea	jitteriness	False
scleritis	antigen	True
noise	hypertension	False
androstenedione	steroid	True
tension	heat	False
fracture	trauma	True
hypoprothrombinemia	tinnitus	False
vertigo	pain	False
phenylbutazone	acetaminophen	False
disease	illness	True
gastritis	tinnitus	False
thrombosis	thirst	False
empyema	prostatitis	False
pain	itch	False
food	glass	False
morphine	aspirin	False
depression	neurosis	False
alcohol	abscess	False
exercise	juice	False
confusion	thirst	False
cough	discomfort	True
diarrhea	insomnia	False
prostatitis	dermatitis	False
woman	female	True
cough	measles	False
myocardium	respiration	False
rash	antigen	False
anxiety	tension	True
transfusion	diet	False
androgen	stress	False
dhea	hormone	False
noise	abscess	False
bleeding	erythrocyte	False
clotting	hemostasis	True
oil	enema	False
alopecia	ulceration	False
dermatitis	cellulitis	False
morphine	camphor	False
itching	pain	False
chocolate	uncleanliness	False
death	thrombosis	False
organism	osteomyelitis	False
dacryocystitis	cold	False
joint	shoulder	False
hemostasis	coagulation	True
thalassemia	iron	False
female	hypogonadism	False
mumps	cough	False
shoulder	joint	True
brain	monocyte	False
dacryocystitis	organism	False
antigen	immunization	True
chocolate	blueberry	False
impetigo	neurosyphilis	False
diuresis	heat	False
immunosuppression	cough	False
abscess	empyema	False
chloramphenicol	bacitracin	False
alcohol	ingestion	False
depression	confusion	False
confusion	depression	False
asthma	bleeding	False
hematoma	ingestion	False
opium	fiber	False
fever	antigen	False
organism	illness	False
haematemesis	bleeding	False
coffee	tumour	False
bloodstream	blood	True
alopecia	keratitis	False
blood	brain	False
diarrhea	fever	False
cns	heart	False
trauma	antigen	False
streptococci	bite	False
chocolate	apple	False
asthma	hepatotoxicity	False
aid	death	False
empyema	furunculosis	False
tension	hemorrhage	False
fluid	hydration	True
monocyte	marrow	False
food	chickenpox	False
arthritis	ulceration	False
trichloroethylene	opium	False
morphine	phenylbutazone	False
enema	juice	False
anaphylaxis	hive	False
cold	furunculosis	False
cocaine	morphine	False
fiber	juice	False
iron	pallor	False
woman	androgen	False
antibody	smallpox	False
rash	anaphylaxis	False
hypoprothrombinemia	urticaria	False
heat	reading	False
itching	coughing	False
blood	semen	False
bleeding	thalassemia	False
aneurysm	depression	False
measles	death	False
measles	plague	False
alcohol	opium	False
epidemic	pneumonia	False
fiber	fruit	False
allergy	rash	False
pneumonia	prostatitis	False
hematoma	hypertension	False
exhaustion	hemoconcentration	False
pneumonia	bite	False
organism	dacryocystitis	False
sweating	diarrhea	False
irritability	hemorrhage	False
abortion	aneurysm	False
fluid	fever	False
fear	anxiety	True
animal	bite	False
anxiety	hypertension	False
apple	chocolate	False
discoloration	radical	False
coffee	steroid	False
depression	tenosynovitis	False
noise	tension	False
depression	diarrhea	False
fever	exertion	False
bite	placenta	False
asthma	pruritus	False
fever	tumour	False
medulla	stress	False
prostatitis	impetigo	False
arthritis	impetigo	False
androgen	boy	False
synthetase	prostaglandin	False
exhaustion	thrombosis	False
pneumococcus	cold	False
scabies	eruption	False
anaemia	osteitis	False
vertigo	pneumonia	False
meperidine	cocaine	False
man	testis	False
dihydrotestosterone	androstenedione	False
dacryocystitis	empyema	False
vertigo	depression	False
glutathione	selenium	False
morphine	acetaminophen	False
heart	brain	False
vein	bloodstream	True
skunk	animal	True
furunculosis	dacryocystitis	False
pneumonia	cellulitis	False
chill	coughing	False
depression	asthma	False
lesion	alopecia	False
migraine	anxiety	False
aggression	cancer	False
conjunctivitis	anaphylaxis	False
prostate	liver	False
lesion	abortion	False
ketamine	morphine	False
oestradiol	androstenedione	False
confusion	fever	False
tenosynovitis	lesion	False
hemorrhage	trauma	False
steroid	azathioprine	True
glomerulonephritis	disease	True
prostatitis	disease	True
antigen	pain	False
pneumococcus	measles	False
abscess	impetigo	False
osteomyelitis	cold	False
antibody	illness	False
million	blood	False
vasodilatation	contraction	False
illness	arthritis	False
conjunctivitis	hive	False
alcohol	lesion	False
androsterone	oestradiol	False
dermatitis	fever	False
death	hypotension	False
alcohol	depression	False
liver	brain	False
coma	hypotension	False
prostatitis	dacryocystitis	False
monocyte	lymphocyte	True
morphine	ketamine	False
brain	myocardium	False
allergy	pruritus	False
influenza	tuberculosis	False
heat	exertion	False
streptococci	measles	False
pneumonia	impetigo	False
disease	dacryocystitis	False
bunny	cat	False
rhinitis	conjunctivitis	False
hemorrhage	anxiety	False
empyema	pathogen	False
hemorrhage	depression	False
hypertension	tumour	False
immunization	immunity	True
allergy	food	False
depression	bleeding	False
hypertension	hemorrhage	False
plague	pneumonia	False
pharyngitis	pneumonia	False
lesion	arthritis	False
hypertension	heat	False
depression	abscess	False
hyperglycaemia	diarrhea	False
cytotoxicity	cancer	False
acetaminophen	camphor	False
androgen	pregnenolone	False
fear	alcohol	False
osteomyelitis	conjunctivitis	False
irritability	vertigo	False
aneurysm	keratitis	False
illness	osteomyelitis	False
pneumonia	peritonitis	False
hypotension	hemoconcentration	False
vertigo	stress	False
contraction	migraine	False
irritability	contraction	False
antigen	lesion	False
hyperthyroidism	depression	False
clotting	prostaglandin	False
organism	pneumonia	False
excitement	contraction	False
hypotension	coma	False
anxiety	fear	True
dermatitis	diarrhea	False
abscess	exertion	False
dacryocystitis	conjunctivitis	False
androsterone	androgen	True
aneurysm	fever	False
brain	reductase	False
hypothyroidism	obstruction	False
stress	hematoma	False
antheridium	spermatogonium	False
aspirin	pentazocine	False
peritonitis	impetigo	False
neomycin	fluoroquinolones	False
thirst	death	False
chromosome	tail	False
apoptosis	death	True
cold	aspiration	False
myocardium	kidney	False
death	coma	False
anthrax	pharyngitis	False
apple	rosemary	False
testis	spermatogonium	False
death	spasm	False
pallor	thalassemia	False
flavonoid	tea	False
pasteur	antigen	False
convulsion	fever	False
disease	prostatitis	False
hundred	monocyte	False
hematoma	anxiety	False
cold	chill	True
coma	confusion	False
diuresis	insipidus	False
chocolate	body	False
abscess	diphtheria	False
itch	pruritus	True
blueberry	chocolate	False
pneumonia	empyema	False
alcohol	laxative	False
hemorrhage	stress	False
death	stenosis	False
opium	diet	False
hyperglycaemia	diuresis	False
alcohol	hematoma	False
urticaria	ulceration	False
dysphagia	sweating	False
aneurysm	hypertension	False
pathogen	peritonitis	False
hypertension	contraction	False
dryness	depression	False
redness	itching	False
pain	fever	False
diarrhea	dacryocystitis	False
itching	flaking	False
hemorrhage	contraction	False
chill	cold	False
fear	depression	False
tension	migraine	False
body	chocolate	False
apoptosis	disease	False
stroke	thrombosis	False
cocaine	meperidine	False
abscess	noise	False
blueberry	rosemary	False
aspirin	cocaine	False
ulceration	haematemesis	False
vagina	ejaculate	False
chill	itching	False
subluxation	depression	False
osteomyelitis	diarrhea	False
diarrhea	hyperglycaemia	False
fever	dacryocystitis	False
migraine	hematoma	False
dacryocystitis	prostatitis	False
impetigo	angina	False
gastritis	hemorrhage	False
alcoholic	fever	False
aspirin	meperidine	False
rodent	bite	False
fruit	tea	False
fever	peritonitis	False
bunny	animal	True
coffee	drug	False
dht	oestradiol	False
pneumococcus	streptococci	False
diet	androstenedione	False
cold	illness	True
enema	laxative	False
morphine	pentazocine	False
rhinitis	urticaria	False
stroke	coffee	False
organism	streptococci	False
osteomyelitis	prostatitis	False
child	epidemic	False
androgen	androstenedione	False
vasoconstriction	contraction	True
dermatitis	bleeding	False
lung	brain	False
heat	aneurysm	False
furunculosis	prostatitis	False
fruit	berry	False
diarrhea	cold	False
chancre	anaemia	False
heat	lesion	False
neurosyphilis	chancre	False
exercise	hyperglycaemia	False
tea	apple	False
diuresis	alcohol	False
dysphagia	fluid	False
diphtheria	bite	False
anxiety	migraine	False
lymphocyte	million	False
diphtheria	pneumonia	False
tumour	hematoma	False
ingestion	hemorrhage	False
androsterone	dihydrotestosterone	False
alcohol	fear	False
pain	migraine	False
dilation	heart	False
lesion	death	False
medicine	chocolate	False
pneumonia	pyrexia	False
oestradiol	hormone	True
forehead	pain	True
stress	opium	False
osteomyelitis	fever	False
apple	fruit	True
empyema	diarrhea	False
migraine	heat	False
pharyngitis	impetigo	False
pneumonia	fever	False
prostatitis	fever	False
garlic	neomycin	False
plague	illness	True
contraction	fever	False
acetaminophen	trichloroethylene	False
abscess	tension	False
anthrax	pneumonia	False
diarrhea	laxative	False
death	depression	False
death	chancre	False
conjunctivitis	rash	False
pain	forehead	False
archegonium	uterus	False
abstinence	lesion	False
phthisis	tuberculosis	True
hypothyroidism	morphine	False
testis	boy	True
tension	alcohol	False
abortion	blindness	False
cellulitis	streptococci	False
diplopia	vertigo	False
excitement	exertion	False
man	insemination	False
dihydrotestosterone	androgen	False
shbg	globulin	False
alcohol	phenylbutazone	False
stroke	hemorrhage	False
androstenedione	dhea	False
arthritis	prostatitis	False
arthropathy	lesion	False
hypertrophy	virilization	False
stroke	contraction	False
alopecia	lesion	False
exertion	fever	False
hematoma	aneurysm	False
illness	measles	False
lesion	itching	False
vitamin	fruit	False
animal	rodent	False
antigen	scleritis	False
trauma	irritability	False
ingestion	migraine	False
osteomyelitis	organism	False
stenosis	pain	False
pain	steroid	False
impetigo	organism	False
chill	prodrome	False
diphtheria	angina	False
paralysis	pain	False
arthropathy	polyarthritis	False
cancer	aggression	False
ampicillin	bacitracin	False
amblyopia	lightheadedness	False
laxative	diarrhea	True
insomnia	jitteriness	False
rash	diarrhea	False
noise	stroke	False
exertion	heat	False
illness	prostatitis	False
coffee	fear	False
abstinence	depression	False
fever	scleritis	False
furunculosis	cellulitis	False
arthritis	osteomyelitis	False
androstenedione	androgen	True
exertion	anxiety	False
lesion	scleritis	False
steroid	coffee	False
peritonitis	prostatitis	False
vertigo	lesion	False
tension	abscess	False
illness	furunculosis	False
bite	abscess	False
conjunctivitis	disease	True
fever	ingestion	False
hormone	androsterone	False
itching	rash	False
opium	opiate	True
contraction	excitement	False
ulceration	hypoprothrombinemia	False
hemorrhage	diet	False
lesion	keratitis	False
keratitis	aneurysm	False
joint	synovitis	False
necrosis	tuberculosis	False
aneurysm	hematoma	False
heart	contraction	False
maturation	angiogenesis	False
pathogen	streptococci	False
placenta	blood	False
pentazocine	camphor	False
organism	conjunctivitis	False
hemorrhage	rash	False
osteomyelitis	disease	True
antigen	pasteur	False
tension	exertion	False
man	antheridium	False
hemorrhage	exertion	False
prodrome	chill	False
rosemary	phenol	False
antacid	medicine	False
lesion	pain	False
hypothyroidism	fiber	False
cocaine	acetaminophen	False
opium	stress	False
androstenedione	dht	False
pathogen	illness	True
testis	vessel	False
empyema	cough	False
conjunctivitis	organism	False
vasoconstriction	heart	False
disease	arthritis	False
sweating	fever	False
pain	tuberculosis	False
sputum	empyema	False
illness	conjunctivitis	False
chancre	death	False
death	pain	False
excitement	anxiety	False
pneumonia	measles	False
asthma	allergy	False
disease	apoptosis	False
child	arthritis	False
conjunctivitis	empyema	False
urticaria	hive	True
pneumonia	streptococci	False
osteitis	anaemia	False
lesion	blindness	False
insomnia	irritability	False
disease	cellulitis	False
contraction	trauma	False
bleeding	dermatitis	False
tension	pain	False
placenta	liver	False
fever	abscess	False
contraction	heat	False
dhea	androgen	False
measles	atelectasis	False
pathogen	organism	True
fiber	enema	False
scotoma	vertigo	False
opium	meperidine	False
vertigo	hypertension	False
pneumonia	anthrax	False
hyperglycaemia	exercise	False
discoloration	apoptosis	False
measles	cough	False
stress	aneurysm	False
aneurysm	death	False
pain	abstinence	False
aspiration	fever	False
sweating	hyperglycaemia	False
tuberculosis	influenza	False
sweating	alcohol	False
iron	hemorrhage	False
paralysis	aneurysm	False
dermatitis	prostatitis	False
peritonitis	cold	False
tension	discomfort	False
preeclampsia	thrombosis	False
abortion	stenosis	False
antibody	antigen	True
coffee	aneurysm	False
urticaria	depression	False
rhinitis	pruritus	False
irritability	diarrhea	False
lesion	migraine	False
antheridium	man	False
confusion	hemoconcentration	False
alcohol	rest	False
chocolate	oil	False
smallpox	antibody	True
aspirin	ketamine	False
insomnia	diuresis	False
anxiety	coffee	False
neomycin	rifampin	False
alcohol	sweating	False
asthma	hemorrhage	False
anxiety	hyperthyroidism	False
abscess	bite	False
iron	bleeding	False
phenylbutazone	meperidine	False
fiber	stress	False
camphor	alcohol	False
oil	diet	True
iron	diet	False
furunculosis	fever	False
abscess	fever	False
monocyte	brain	False
anxiety	diarrhea	False
sweating	fluid	False
diarrhea	dermatitis	False
tea	medicine	False
pain	laxative	False
testis	brain	False
abstinence	pain	False
organism	cold	False
vertigo	diplopia	False
dacryocystitis	furunculosis	False
azathioprine	steroid	True
hyperglycaemia	fluid	False
chloramphenicol	ampicillin	False
tenosynovitis	antigen	True
radical	disease	False
illness	organism	False
pain	pruritus	False
diet	obstruction	False
chocolate	fruit	True
hyperglycaemia	dysphagia	False
alcohol	chloride	False
abortion	pain	False
cellulitis	pneumonia	False
hypogonadism	men	False
arthritis	fever	False
stress	tea	False
insemination	man	False
fever	aspiration	False
medicine	tea	False
teen	adolescent	True
pentazocine	aspirin	False
adhesiveness	fever	False
dermatitis	conjunctivitis	False
transfusion	insect	False
tension	anxiety	True
hypoprothrombinemia	pain	False
fever	influenza	False
vasoconstriction	jitteriness	False
pneumonia	osteomyelitis	False
reading	excitement	False
pain	discomfort	True
cancer	cytotoxicity	False
fever	tenosynovitis	False
pregnenolone	androstenedione	False
head	pneumonia	False
androgen	woman	False
angina	bite	False
rash	vertigo	False
kidney	cns	False
hemorrhage	achlorhydria	False
fever	exhaustion	False
diet	pain	False
pathogen	prostatitis	False
coffee	stress	False
pain	child	False
tea	anxiety	False
depression	thrombosis	False
thrombosis	confusion	False
ketamine	alcohol	False
thalassemia	hemorrhage	False
transfusion	sex	False
million	thousand	True
migraine	stroke	False
chloride	diuresis	False
smallpox	fever	False
hypothyroidism	diet	False
androsterone	dht	False
abscess	influenza	False
rodent	rabbit	False
bone	testis	False
diarrhea	alcohol	False
pneumonia	plague	False
fever	temperature	True
aneurysm	anxiety	False
trazodone	hypnotic	False
empyema	pneumonia	False
hematoma	alcohol	False
fever	convulsion	False
polycythemia	exhaustion	False
masculinization	cancer	False
oil	apple	False
pain	hypoprothrombinemia	False
ampicillin	drug	True
heart	fear	False
apple	tea	False
prostatitis	furunculosis	False
hemorrhage	head	False
alcohol	opiate	False
vertigo	amblyopia	False
dihydrotestosterone	androsterone	False
meperidine	opium	False
lesion	hemorrhage	False
heart	cns	False
spot	panencephalitis	False
organism	prostatitis	False
fever	impetigo	False
fever	hematoma	False
allergy	rhinitis	False
streptococci	aspiration	False
pneumococcus	aspiration	False
peritonitis	arthritis	False
lesion	tuberculosis	False
dacryocystitis	pneumonia	False
nerve	vessel	False
alcohol	heat	False
tension	ingestion	False
rhinitis	itching	False
death	lesion	False
diuresis	diarrhea	False
chocolate	steroid	False
rash	synovitis	False
pain	ulceration	False
cough	aspiration	False
stress	fear	True
pruritus	hive	False
anticoagulant	warfarin	False
antibody	immunity	True
discomfort	cough	False
coughing	trauma	False
million	fever	False
polyarthritis	osteomyelitis	False
lesion	steroid	False
abstinence	anxiety	False
exertion	tension	False
trauma	prodrome	False
prodrome	coughing	False
louse	bite	True
chocolate	diet	True
cough	death	False
hemorrhage	gastritis	False
ulceration	convulsion	False
brain	liver	False
opium	laxative	False
chill	abscess	False
sputum	fever	False
pathogen	aspiration	False
antacid	tablet	False
stress	androstenedione	False
fever	sweating	False
smallpox	disease	True
men	ejaculate	False
heart	testis	False
achlorhydria	iron	False
laxative	stress	False
fungus	mold	True
drug	chocolate	False
hemorrhage	pain	False
disease	cold	False
measles	aspiration	False
bite	anthrax	False
lesion	chorea	False
rash	hive	False
fever	lesion	False
hypoprothrombinemia	haematemesis	False
carotenoid	selenium	False
monocyte	hundred	False
laxative	opium	False
androgen	men	False
tea	lesion	False
hypertension	hematoma	False
hypertension	tension	False
hematoma	tumour	False
arthritis	conjunctivitis	False
hemorrhage	asthma	False
dermatitis	impetigo	False
influenza	pathogen	False
tuberculosis	antigen	False
histamine	anaphylaxis	False
placenta	vessel	False
organism	pathogen	False
transfusion	hemorrhage	False
antibiotic	ampicillin	False
abscess	aneurysm	False
neurosyphilis	angina	False
rifampin	neomycin	False
phenylbutazone	opiate	False
meperidine	phenylbutazone	False
fluoroquinolones	chloramphenicol	False
empyema	dacryocystitis	False
urticaria	allergy	False
spermatogonium	men	False
fever	alcoholic	False
poisoning	spasm	False
body	testis	False
opiate	pentazocine	False
fever	hypotension	False
coughing	rhinorrhea	False
lesion	redness	False
vertigo	prodrome	False
dryness	hemoconcentration	False
juice	fiber	True
haematemesis	gastritis	False
urticaria	rhinitis	False
fruit	blueberry	False
jitteriness	anxiety	True
hypogonadism	female	False
osteomyelitis	arthropathy	False
pain	tension	False
skunk	dog	False
anthrax	angina	False
pentazocine	phenylbutazone	False
aspirin	tea	False
noise	coffee	False
cholesterol	androstenedione	False
aneurysm	ingestion	False
illness	peritonitis	False
insipidus	diuresis	True
hormone	oestradiol	False
hemorrhage	hematoma	False
oil	laxative	False
diarrhea	dysphagia	False
pentazocine	trichloroethylene	False
pathogen	pneumococcus	False
heat	tension	False
hemorrhage	erythrocyte	False
vertigo	trauma	False
body	joint	False
conjunctivitis	pneumonia	False
lymphocyte	blood	False
pneumonia	neurosyphilis	False
arthritis	keratitis	False
hyperglycaemia	sweating	False
cold	osteomyelitis	False
diarrhea	sweating	False
vertigo	cough	False
dacryocystitis	dermatitis	False
oestradiol	androgen	False
female	boy	False
exhaustion	dryness	False
bite	blood	False
death	paralysis	False
animal	dog	False
exercise	fever	False
ingestion	hematoma	False
stenosis	abortion	False
vagina	men	False
orange	fruit	True
anthrax	diphtheria	False
chocolate	medicine	False
angiogenesis	maturation	True
pruritus	asthma	False
noise	hemorrhage	False
liver	reductase	False
joint	fever	False
abscess	lesion	False
pain	stroke	False
abscess	phthisis	False
obstruction	diet	False
convulsion	lesion	False
coffee	noise	False
migraine	hemorrhage	False
sputum	cough	False
arthropathy	osteomyelitis	False
arthritis	organism	False
cancer	hyperplasia	False
depression	urticaria	False
tea	oil	False
immunization	disease	False
juice	exercise	False
cough	sputum	False
asthma	hypoprothrombinemia	False
discomfort	pain	False
pain	lesion	False
lesion	chancre	True
alcohol	tea	False
synovitis	polyarthritis	False
coagulation	hemostasis	True
bleeding	pallor	False
tumour	fever	False
ejaculate	uterus	False
prostatitis	arthritis	False
pruritus	anaphylaxis	False
contraction	heart	False
fluoroquinolones	ampicillin	False
cough	cold	False
androstenedione	stress	False
ampicillin	rifampin	False
furunculosis	organism	False
tumour	noise	False
dermatitis	scabies	False
measles	tuberculosis	False
cns	bloodstream	False
angina	pharyngitis	False
diarrhea	peritonitis	False
heart	dilation	False
trauma	tuberculosis	False
monocyte	blood	False
angina	abscess	False
camphor	opiate	False
diet	morphine	False
pneumonia	vertigo	False
thalassemia	erythrocyte	False
abscess	tumour	False
death	blindness	False
chill	aspiration	False
pathogen	cellulitis	False
diarrhea	arthritis	False
influenza	cold	False
alcohol	abstinence	False
osteomyelitis	pain	False
bacitracin	rifampin	False
orange	juice	True
diphtheria	impetigo	False
aminoglycosides	neomycin	False
scleritis	fever	False
bloodstream	cns	False
methicillin	antibiotic	True
tenosynovitis	fever	False
blood	sex	False
thrombosis	death	False
diarrhea	urticaria	False
meperidine	aspirin	False
depression	coffee	False
pneumonia	dermatitis	False
fever	chill	False
illness	immunity	False
antigen	tenosynovitis	False
gastritis	bleeding	False
immunodeficiency	lysis	False
dacryocystitis	diarrhea	False
diarrhea	empyema	False
contraction	anxiety	False
pruritus	urticaria	False
gravidarum	ketoacidosis	False
hemorrhage	migraine	False
hydration	fluid	True
disease	discoloration	False
anxiety	tea	False
furunculosis	pathogen	False
heat	anxiety	False
radical	cancer	False
opium	phenylbutazone	False
urticaria	rhinorrhea	False
hemorrhage	coffee	False
anxiety	irritability	True
tension	trauma	False
lesion	coffee	False
lymphocyte	thousand	False
exertion	tumour	False
alcohol	fever	False
exercise	enema	False
pasteur	antibody	False
pain	osteoarthritis	False
discomfort	fever	False
head	hematoma	False
noise	hematoma	False
insemination	fertilization	False
pneumonia	hemorrhage	False
cellulitis	dermatitis	False
impetigo	peritonitis	False
empyema	arthritis	False
virilization	maturation	True
tea	rosemary	False
diet	juice	False
morphine	alcohol	False
ulceration	lesion	True
diarrhea	illness	True
trichloroethylene	alcohol	False
scabies	dermatitis	False
boy	woman	False
androstenedione	oestradiol	False
hive	anaphylaxis	False
chancre	rash	False
antheridium	men	False
skunk	rodent	False
measles	fever	False
cough	necrosis	False
blood	men	False
arthritis	alopecia	False
measles	sputum	False
stroke	alcohol	False
heart	cyclase	False
aspiration	pneumococcus	False
disease	fever	False
camphor	pentazocine	False
reading	anxiety	False
exercise	fruit	False
aneurysm	lesion	False
allergy	hive	False
anxiety	jitteriness	True
impetigo	bite	False
pain	fluid	False
chill	pruritus	False
cold	measles	False
urticaria	bleeding	False
migraine	hypertension	False
erythrocyte	thalassemia	False
fever	child	False
body	men	False
uterus	semen	False
depression	exhaustion	False
flavonoid	body	False
fear	medulla	False
dryness	death	False
fruit	exercise	False
pneumonia	cold	False
immunization	antibody	False
atelectasis	cold	False
saliva	bite	True
liver	testis	False
migraine	pain	False
hemorrhage	pallor	False
ingestion	stress	False
sweating	heat	False
pallor	iron	False
impetigo	cold	False
urticaria	tinnitus	False
meperidine	ketamine	False
acetaminophen	cocaine	False
opiate	ketamine	False
polyarthritis	pain	False
fruit	oil	False
excitement	tension	False
abscess	pain	False
cns	myocardium	False
exertion	hemorrhage	False
confusion	thrombosis	False
tumour	anxiety	False
steroid	chocolate	False
hypogonadism	boy	False
drug	antibiotic	False
lung	alcoholic	False
cellulitis	peritonitis	False
pneumonia	panencephalitis	False
liver	body	True
steroid	compress	False
paralysis	chancre	False
spot	conjunctivitis	False
oil	blueberry	False
illness	cold	False
chocolate	rosemary	False
dacryocystitis	cellulitis	False
influenza	pneumococcus	False
aneurysm	abscess	False
death	abscess	False
diet	bleeding	False
stroke	heat	False
radical	apoptosis	False
bacitracin	ampicillin	False
antigen	trauma	False
obstruction	laxative	False
anabolism	aggression	False
tea	alcohol	False
pharyngitis	anthrax	False
peritonitis	disease	True
conjunctivitis	diarrhea	False
polyarthritis	synovitis	False
juice	enema	False
alcohol	trichloroethylene	False
blood	plasma	True
trauma	depression	False
head	forehead	False
cellulitis	arthritis	False
irritability	stress	True
confusion	exhaustion	False
conjunctivitis	dermatitis	False
camphor	meperidine	False
hive	itching	False
diarrhea	furunculosis	False
eruption	itching	False
conjunctivitis	prostatitis	False
hypotension	confusion	False
oil	chocolate	False
atelectasis	influenza	False
ketamine	opiate	False
csf	lymphocyte	False
apple	blueberry	False
vessel	nerve	False
necrosis	abscess	False
arthritis	convulsion	False
obstruction	stress	False
heat	noise	False
brain	kidney	False
stress	trauma	False
heat	sweating	False
arthropathy	fever	False
death	empyema	False
tension	irritability	True
opium	camphor	False
medulla	tumour	False
testis	spermatocyte	False
stress	androgen	False
chancre	abortion	False
cellulitis	cold	False
pain	synovitis	False
diet	stress	False
bleeding	gastritis	False
child	tablet	False
peritonitis	pathogen	False
fever	laryngitis	False
tail	uterus	False
pneumonia	diphtheria	False
animal	skunk	False
fruit	fiber	True
organism	arthritis	False
bleeding	diet	False
chocolate	androgen	False
anxiety	vertigo	False
dermatitis	disease	True
cat	rabbit	False
coffee	lesion	False
tablet	antacid	False
impetigo	streptococci	False
death	chill	False
brain	nerve	True
tension	stroke	False
hormone	dhea	False
streptococci	neurosyphilis	False
tea	aspirin	False
polycythemia	dryness	False
streptococci	influenza	False
asthma	pain	False
hypertension	vertigo	False
hemorrhage	ingestion	False
pruritus	chill	False
dhea	androstenedione	False
pain	coffee	False
hypothyroidism	opium	False
empyema	abscess	False
arthritis	pain	True
fiber	opium	False
urticaria	rash	True
neomycin	bacitracin	False
dermatitis	pathogen	False
iron	transfusion	False
trauma	hypertension	False
abstinence	coffee	False
dextrose	monosaccharide	True
pain	convulsion	False
chill	streptococci	False
opiate	acetaminophen	False
fever	joint	False
bleeding	hypoprothrombinemia	False
asthma	ulceration	False
aggression	hypertrophy	False
death	neurosyphilis	False
diarrhea	anxiety	False
cocaine	camphor	False
hematoma	abscess	False
medulla	fear	False
fiber	pain	False
boy	men	True
aneurysm	pain	False
itching	lesion	False
streptococci	angina	False
death	aneurysm	False
lesion	fluid	False
chorea	fever	False
aspiration	cold	False
bite	saliva	False
ingestion	contraction	False
asthma	tinnitus	False
lung	body	True
morphine	obstruction	False
stroke	hematoma	False
discoloration	disease	False
fracture	discomfort	False
cellulitis	angina	False
depression	hemoconcentration	False
hypertension	trauma	False
empyema	death	False
illness	fever	False
tea	fear	False
heat	ingestion	False
abscess	trauma	False
monosaccharide	dextrose	False
tension	cough	False
dermatitis	arthritis	False
thousand	child	False
bunny	dog	False
cyclase	heart	False
monosaccharide	glucose	False
hemoconcentration	hypotension	False
asthma	depression	False
phenylbutazone	aspirin	False
cocaine	trichloroethylene	False
vertigo	fever	False
irritability	abscess	False
tension	vertigo	False
pain	osteomyelitis	False
disease	empyema	False
organism	disease	False
arthritis	illness	True
uterus	archegonium	False
oil	tea	False
polycythemia	death	False
drug	tea	False
lightheadedness	amblyopia	False
gastritis	hypoprothrombinemia	False
polycythemia	thrombosis	False
heat	migraine	False
androsterone	androstenedione	False
abscess	cough	False
chancre	osteitis	False
chloride	diarrhea	False
lesion	fever	False
tea	abstinence	False
trichloroethylene	pentazocine	False
abscess	tuberculosis	False
conjunctivitis	dacryocystitis	False
hypertension	irritability	False
acetaminophen	ketamine	False
pharyngitis	bite	False
lymphocyte	csf	False
ampicillin	chloramphenicol	False
vertigo	scotoma	False
fever	trauma	False
bleeding	pain	False
bite	diphtheria	False
pentazocine	ketamine	False
fruit	rosemary	False
death	polycythemia	False
immunity	illness	False
aneurysm	vertigo	False
ingestion	hypertension	False
respiration	kidney	False
cold	empyema	False
fever	illness	True
dermatitis	cold	False
pathogen	dacryocystitis	False
pain	joint	False
antheridium	ejaculate	False
dht	dihydrotestosterone	True
fever	adhesiveness	False
coffee	tea	False
conjunctivitis	impetigo	False
rash	rhinitis	False
aneurysm	stroke	False
bleeding	ulceration	False
diphtheria	streptococci	False
alcohol	meperidine	False
animal	cat	False
fever	alcohol	False
exertion	noise	False
fever	migraine	False
coughing	prodrome	False
confusion	hypotension	False
fever	pain	False
fruit	apple	False
subluxation	lesion	False
tuberculosis	empyema	False
pain	stress	False
impetigo	illness	True
lesion	subluxation	False
cellulitis	illness	True
pharyngitis	cellulitis	False
rash	pain	False
rosemary	chocolate	False
anxiety	lesion	False
plague	disease	True
abscess	depression	False
bite	flea	False
cellulitis	abscess	False
disease	radical	False
exertion	aneurysm	False
enema	exercise	False
osteomyelitis	peritonitis	False
tumour	alcohol	False
opiate	phenylbutazone	False
fever	diuresis	False
flavonoid	carotenoid	False
heat	diuresis	False
arthritis	diarrhea	False
migraine	aneurysm	False
thrombosis	fever	False
immunization	antigen	False
rash	pruritus	False
stress	stroke	False
nerve	brain	True
brain	cns	True
acetaminophen	phenylbutazone	False
hypertension	depression	False
insect	sex	False
dermatitis	organism	False
tuberculosis	death	False
itching	eruption	False
thirst	depression	False
conjunctivitis	peritonitis	False
reading	noise	False
antibody	disease	False
abortion	paralysis	False
diet	fruit	False
cold	prostatitis	False
androgen	dhea	False
streptococci	pyrexia	False
pain	temperature	False
ampicillin	neomycin	False
disease	plague	False
body	reductase	False
polyarthritis	fever	False
coffee	pain	False
aneurysm	alcohol	False
exhaustion	polycythemia	False
spermatocyte	antheridium	False
csf	semen	False
impetigo	dermatitis	False
pain	morphine	False
pathogen	empyema	False
pneumonia	pneumococcus	False
anaphylaxis	urticaria	False
convulsion	ulceration	False
aggression	anabolism	False
aspiration	abscess	False
anxiety	stress	True
pyrexia	pneumococcus	False
bloodstream	vein	True
pain	antigen	False
cellulitis	conjunctivitis	False
hematoma	migraine	False
heat	alcohol	False
stroke	migraine	False
prostate	testis	False
hive	rash	True
laxative	obstruction	False
streptococci	pharyngitis	False
apoptosis	radical	False
empyema	tuberculosis	False
itch	pain	False
ejaculate	men	False
peritonitis	illness	True
thirst	hypotension	False
steroid	tea	False
diet	hypothyroidism	False
sputum	cold	False
meperidine	camphor	False
ingestion	abscess	False
fruit	diet	True
reading	stress	False
abscess	measles	False
exhaustion	fever	False
pain	rash	False
camphor	ketamine	False
insomnia	anxiety	False
noise	lesion	False
coffee	abstinence	False
aspiration	tuberculosis	False
pallor	erythrocyte	False
ejaculate	vagina	False
tuberculosis	measles	False
lesion	rash	False
rhinorrhea	itching	False
migraine	tumour	False
phenylbutazone	trichloroethylene	False
acetaminophen	alcohol	False
depression	lesion	False
tea	depression	False
diarrhea	diuresis	False
depression	tension	False
thrombosis	dryness	False
spasm	poisoning	False
ulceration	asthma	False
tinnitus	gastritis	False
aggression	hyperplasia	False
cellulitis	impetigo	False
pruritus	pain	False
abscess	anxiety	False
hypnotic	valerian	False
hematoma	head	False
hemorrhage	lesion	False
pneumococcus	tuberculosis	False
death	exhaustion	False
trauma	stress	False
pneumonia	arthritis	False
contraction	stroke	False
achlorhydria	hemorrhage	False
depression	irritability	False
hypoprothrombinemia	hemorrhage	False
itching	itch	True
rhinitis	asthma	False
pentazocine	alcohol	False
hemorrhage	hypertension	False
empyema	measles	False
coughing	chill	False
hyperplasia	aggression	False
ingestion	excitement	False
fever	necrosis	False
diet	steroid	False
alcohol	aspirin	False
chill	trauma	False
lesion	stenosis	False
vertigo	aneurysm	False
chocolate	drug	False
synovitis	pain	False
pain	diarrhea	False
blood	marrow	False
itching	rhinitis	False
aminoglycosides	fluoroquinolones	False
osteomyelitis	dacryocystitis	False
allergy	itching	False
vessel	pupil	False
anxiety	fever	False
rosemary	fruit	False
pain	head	False
fluid	dysphagia	False
haematemesis	asthma	False
antigen	tuberculosis	False
pruritus	conjunctivitis	False
fiber	exercise	False
phenylbutazone	alcohol	False
aneurysm	abortion	False
abscess	pneumonia	False
hemorrhage	abscess	False
prostatitis	osteomyelitis	False
heart	myocardium	False
opium	acetaminophen	False
diarrhea	conjunctivitis	False
pentazocine	acetaminophen	False
disease	organism	False
pain	asthma	False
death	fever	False
death	lysis	False
boy	androgen	False
furunculosis	disease	True
exercise	diet	False
irritability	anxiety	True
neurosyphilis	diphtheria	False
rosemary	tea	False
thousand	life	False
sex	bite	False
arthritis	cold	False
prostate	brain	False
fever	dengue	False
lesion	hematoma	False
fever	disease	True
noise	fever	False
subluxation	pain	False
men	vagina	False
spot	pneumonia	False
fiber	obstruction	False
prostatitis	pneumonia	False
clotting	coagulation	True
rash	lesion	False
testis	men	True
fever	chorea	False
hemorrhage	iron	False
arthritis	pathogen	False
aneurysm	exertion	False
diarrhea	gingivostomatitis	False
fever	vertigo	False
immunization	prevention	True
tinnitus	ulceration	False
paralysis	blindness	False
stress	pain	False
semen	men	False
pasteur	immunization	False
pain	fear	False
sex	placenta	False
abscess	cellulitis	False
brain	vessel	False
hypertension	noise	False
ketoacidosis	gravidarum	False
testis	body	True
fever	thrombosis	False
amblyopia	scotoma	False
jitteriness	vasoconstriction	False
hypoprothrombinemia	gastritis	False
impetigo	fever	False
diarrhea	insipidus	False
pentazocine	meperidine	False
exertion	lesion	False
eruption	redness	False
alcohol	stress	False
bite	sex	False
trauma	hemorrhage	False
impetigo	diarrhea	False
pruritus	allergy	False
semen	uterus	False
blindness	aneurysm	False
abscess	alcohol	False
phenylbutazone	pentazocine	False
camphor	opium	False
pentazocine	opiate	False
stress	coffee	False
head	pain	True
osteomyelitis	illness	True
hypotension	thirst	False
influenza	cough	False
testis	female	False
neurosis	depression	False
saline	fluid	True
impetigo	pharyngitis	False
laxative	morphine	False
scleritis	rash	False
dog	bite	False
peritonitis	dacryocystitis	False
coagulation	clotting	True
diarrhea	organism	False
subluxation	tenosynovitis	False
contraction	vasodilatation	False
diarrhea	pain	False
lesion	tea	False
lymphocyte	marrow	False
spermatocyte	men	False
sweating	diuresis	False
thalassemia	achlorhydria	False
diuresis	chloride	False
pathogen	dermatitis	False
prevention	pasteur	False
synovitis	joint	False
dryness	thrombosis	False
glutathione	phenol	False
aspirin	acetaminophen	False
conjunctivitis	arthritis	False
prodrome	vertigo	False
measles	pneumococcus	False
stress	tension	True
bite	angina	False
furunculosis	diarrhea	False
pharyngitis	abscess	False
hypotension	depression	False
hemoconcentration	dryness	False
blood	million	False
pathogen	pneumonia	False
hemostasis	clotting	True
rash	conjunctivitis	False
stroke	tension	False
pruritus	rhinitis	False
urticaria	gastritis	False
rodent	animal	True
heat	hypertension	False
medicine	coffee	False
dengue	fever	False
anxiety	trauma	False
hyperthyroidism	anxiety	False
trichloroethylene	aspirin	False
trauma	contraction	False
testis	prostate	False
depression	pain	False
erythrocyte	achlorhydria	False
kidney	myocardium	False
fracture	pain	False
tenosynovitis	depression	False
cellulitis	fever	False
blueberry	oil	False
abscess	hypertension	False
scleritis	pain	False
osteomyelitis	empyema	False
vasoconstriction	irritability	False
hypertension	aneurysm	False
marrow	monocyte	False
hypotension	polycythemia	False
chancre	lesion	True
anxiety	alcohol	False
illness	impetigo	False
itching	allergy	False
rifampin	aminoglycosides	False
opium	morphine	False
ulceration	pain	False
ulceration	tinnitus	False
hypoprothrombinemia	asthma	False
cough	influenza	False
migraine	stress	False
acetaminophen	opium	False
stress	laxative	False
furunculosis	arthritis	False
uncleanliness	diet	False
masculinization	hyperplasia	False
depression	hyperthyroidism	False
excitement	reading	False
insipidus	gingivostomatitis	False
erythrocyte	iron	False
blood	transfusion	True
woman	testis	False
tuberculosis	aspiration	False
pain	stenosis	False
blood	monocyte	False
synovitis	lesion	False
empyema	phthisis	False
dryness	fever	False
exhaustion	hypotension	False
pain	restlessness	False
flea	louse	True
rabbit	animal	True
aspiration	atelectasis	False
alcohol	contraction	False
thousand	lymphocyte	False
bone	body	True
hormone	androgen	False
abscess	pharyngitis	False
fever	sputum	False
pain	hemorrhage	False
dermatitis	oiliness	False
necrosis	phthisis	False
diphtheria	anthrax	False
diphtheria	epidemic	False
organism	fever	False
paralysis	lesion	False
abscess	hemorrhage	False
chocolate	stress	False
tension	stress	True
tension	hypertension	False
heat	insipidus	False
abstinence	alcohol	False
pharyngitis	angina	False
trauma	pain	False
abortion	neurosyphilis	False
heart	respiration	False
pneumonia	pathogen	False
irritability	hypertension	False
angina	anthrax	False
chickenpox	food	False
aneurysm	stress	False
excitement	heat	False
pruritus	itching	True
laxative	exercise	False
lesion	anxiety	False
fever	phthisis	False
diet	transfusion	False
rosemary	apple	False
abscess	stroke	False
pneumonia	mumps	False
phenylbutazone	opium	False
tumour	aneurysm	False
cold	atelectasis	False
depression	anxiety	False
bleeding	hepatotoxicity	False
laxative	hypothyroidism	False
uncleanliness	chocolate	False
erythrocyte	hemorrhage	False
hemorrhage	heat	False
enzyme	organism	False
asthma	gastritis	False
fear	stress	True
aneurysm	hemorrhage	False
female	body	True
rash	chancre	False
chill	fever	False
hormone	androstenedione	False
stress	lesion	False
fever	furunculosis	False
lesion	fear	False
pain	irritability	False
disease	dermatitis	False
stress	fiber	False
fever	stroke	False
fever	arthritis	False
saliva	dog	False
blood	woman	False
excitement	noise	False
men	androgen	False
million	lymphocyte	False
diarrhea	pneumonia	False
organism	diarrhea	False
vertigo	lightheadedness	True
dysphagia	hyperglycaemia	False
neurosyphilis	impetigo	False
hemorrhage	irritability	False
fever	diarrhea	False
opiate	morphine	False
depression	fever	False
alcohol	coffee	False
dht	androstenedione	False
trichloroethylene	ketamine	False
noise	anxiety	False
rash	urticaria	False
fluid	exercise	False
ulceration	arthritis	False
osteoarthritis	rheumatoid	False
rash	scleritis	False
bacitracin	aminoglycosides	False
abscess	contraction	False
nerve	cyclase	False
abstinence	tea	False
phenylbutazone	camphor	False
diarrhea	pathogen	False
fruit	chocolate	False
morphine	trichloroethylene	False
confusion	coma	False
oil	fruit	False
migraine	vertigo	False
trauma	chill	False
anxiety	noise	False
carotenoid	phenol	False
dihydrotestosterone	dht	True
neomycin	garlic	False
paralysis	anaemia	False
myocardium	brain	False
osteoarthritis	pain	False
meperidine	pentazocine	False
fever	irritability	False
lesion	convulsion	False
hypothyroidism	laxative	False
tinnitus	hypoprothrombinemia	False
heart	nerve	False
death	sputum	False
anxiety	tumour	False
hyperplasia	hypertrophy	False
fever	discomfort	True
chocolate	androstenedione	False
diuresis	exercise	False
alcohol	hemorrhage	False
stroke	tumour	False
kidney	heart	False
furunculosis	conjunctivitis	False
abortion	chancre	False
pneumonia	disease	True
noise	alcohol	False
cat	animal	True
lesion	eruption	False
glutathione	carotenoid	False
alopecia	convulsion	False
cellulitis	prostatitis	False
body	boy	False
bleeding	tinnitus	False
bite	impetigo	False
dilation	contraction	False
rhinitis	anaphylaxis	False
itching	asthma	False
pathogen	disease	True
impetigo	pneumonia	False
migraine	contraction	False
marrow	lymphocyte	False
arthritis	dermatitis	False
nerve	liver	False
stress	obstruction	False
stress	noise	False
tea	flavonoid	False
achlorhydria	transfusion	False
aminoglycosides	chloramphenicol	False
anxiety	contraction	False
diuresis	gingivostomatitis	False
reductase	brain	False
heat	fever	False
female	woman	True
bite	pneumonia	False
alcohol	steroid	False
diet	enema	False
hemoconcentration	confusion	False
depression	hemorrhage	False
gastritis	haematemesis	False
camphor	trichloroethylene	False
empyema	illness	True
plasma	blood	True
dysphagia	fever	False
alcohol	anxiety	False
dilation	vasoconstriction	False
tea	stress	False
influenza	streptococci	False
obstruction	morphine	False
alcohol	morphine	False
diet	fiber	False
tinnitus	bleeding	False
pain	tenosynovitis	False
lecithin	rosemary	False
testis	heart	False
meperidine	morphine	False
anxiety	abscess	False
uterus	vagina	False
cat	dog	False
body	bone	False
diet	chocolate	False
aromatization	reductase	False
alcohol	ketamine	False
fever	tuberculosis	False
pain	obstruction	False
fever	hyperglycaemia	False
tuberculosis	phthisis	False
fear	tea	False
liver	nerve	False
pregnenolone	dhea	False
aminoglycosides	ampicillin	False
boy	hypogonadism	False
prodrome	trauma	False
hypertrophy	masculinization	False
spermatocyte	testis	False
disease	peritonitis	False
ampicillin	fluoroquinolones	False
measles	streptococci	False
cocaine	alcohol	False
lung	fever	False
transfusion	blood	True
necrosis	fever	False
fever	epidemic	False
phenol	rosemary	False
bone	nerve	False
disease	pathogen	False
hemorrhage	transfusion	True
depression	disease	True
androgen	dihydrotestosterone	False
camphor	phenylbutazone	False
asthma	itching	False
alcohol	diarrhea	False
dht	hormone	True
alcoholic	lung	False
blindness	paralysis	False
achlorhydria	thalassemia	False
pain	anxiety	False
noise	aneurysm	False
fever	cold	False
pathogen	furunculosis	False
conjunctivitis	cellulitis	False
fiber	laxative	False
archegonium	vagina	False
exhaustion	confusion	False
cns	respiration	False
vasodilatation	vasoconstriction	False
vasoconstriction	dilation	False
thirst	exhaustion	False
placenta	transfusion	False
chloramphenicol	aminoglycosides	False
measles	pneumonia	False
peritonitis	empyema	False
gingivostomatitis	heat	False
vasoconstriction	anxiety	False
hemorrhage	tension	False
influenza	fever	False
neurosyphilis	pharyngitis	False
fluoroquinolones	neomycin	False
cancer	radical	False
thrombosis	stroke	False
hemorrhage	paralysis	False
kidney	brain	False
antigen	rash	False
trauma	fever	False
hive	conjunctivitis	False
contraction	vasoconstriction	True
yogurt	cream	False
hemorrhage	tumour	False
peritonitis	cellulitis	False
diuresis	hyperglycaemia	False
pneumococcus	pathogen	False
alcohol	migraine	False
itching	anxiety	False
woman	hypogonadism	False
dacryocystitis	pathogen	False
illness	plague	False
fluoroquinolones	aminoglycosides	False
haematemesis	ulceration	False
furunculosis	impetigo	False
arthritis	empyema	False
testis	antheridium	False
blood	insect	False
laxative	heat	False
abscess	stress	False
reading	tension	False
selenium	glutathione	False
plague	measles	False
neurosyphilis	anthrax	False
alcohol	pentazocine	False
diet	oil	False
pain	aneurysm	False
pruritus	itch	True
rhinitis	lesion	False
tuberculosis	fever	False
men	blood	False
impetigo	dacryocystitis	False
diet	opium	False
liver	prostate	False
lesion	arthropathy	False
opiate	camphor	False
monocyte	thousand	False
vertigo	migraine	False
ejaculate	antheridium	False
neurosyphilis	streptococci	False
eruption	dermatitis	False
depression	stress	False
tumour	heat	False
androgen	steroid	True
brain	marrow	False
enema	oil	False
conjunctivitis	itching	False
anthrax	streptococci	False
obstruction	fiber	False
exercise	diuresis	False
cold	influenza	False
heart	vasodilatation	False
aminoglycosides	bacitracin	False
cold	dermatitis	False
exertion	reading	False
hypertension	ingestion	False
anaphylaxis	itching	False
depression	hepatotoxicity	False
spermatogonium	man	False
obstruction	hypothyroidism	False
haematemesis	urticaria	False
heat	stroke	False
tension	depression	False
stress	medulla	False
achlorhydria	pallor	False
hemoconcentration	thirst	False
hematoma	heat	False
anxiety	vasoconstriction	False
dermatitis	lesion	False
depression	steroid	False
hemoconcentration	thrombosis	False
rhinorrhea	pruritus	False
diarrhea	osteomyelitis	False
abortion	lesion	False
fever	laxative	False
brain	heart	False
rabbit	rodent	False
iron	thalassemia	False
fever	prostatitis	False
bite	louse	False
neurosyphilis	pneumonia	False
tea	body	False
spot	rash	True
pathogen	conjunctivitis	False
hemorrhage	stroke	False
chorea	lesion	False
organism	enzyme	False
empyema	fever	False
cellulitis	diarrhea	False
lesion	stroke	False
antheridium	spermatocyte	False
conjunctivitis	pruritus	False
oil	rosemary	False
contraction	hypertension	False
dacryocystitis	illness	True
cellulitis	osteomyelitis	False
fear	steroid	False
allergy	urticaria	False
coffee	aspirin	False
joint	pain	False
diarrhea	vasoconstriction	False
immunosuppression	pneumonia	False
tumour	exertion	False
myocardium	cns	False
hypertension	coffee	False
hypnotic	trazodone	False
berry	fruit	True
aneurysm	trauma	False
anxiety	abstinence	False
hyperplasia	masculinization	False
streptococci	impetigo	False
abscess	hematoma	False
trichloroethylene	camphor	False
depression	hypertension	False
steroid	androgen	False
coffee	depression	False
vein	blood	True
prostatitis	peritonitis	False
steroid	abstinence	False
animal	rabbit	False
cold	cellulitis	False
abscess	heat	False
semen	vagina	False
itching	anaphylaxis	False
joint	bone	True
urticaria	diarrhea	False
fiber	morphine	False
diarrhea	fluid	False
anxiety	pain	False
steroid	alcohol	False
body	flavonoid	False
aneurysm	heat	False
radical	cytotoxicity	False
cough	immunosuppression	False
pharyngitis	diphtheria	False
exertion	migraine	False
hyperglycaemia	fever	False
dermatitis	eruption	False
temperature	fever	True
alcohol	tumour	False
aneurysm	irritability	False
exercise	dysphagia	False
furunculosis	pneumonia	False
stenosis	paralysis	False
fever	hemoconcentration	False
ketamine	aspirin	False
fever	hypertension	False
vertigo	hemorrhage	False
eruption	lesion	False
brain	lung	False
cellulitis	diphtheria	False
camphor	morphine	False
empyema	cellulitis	False
impetigo	osteomyelitis	False
selenium	carotenoid	False
acetaminophen	aspirin	False
tail	chromosome	False
pyrexia	streptococci	False
thirst	thrombosis	False
tea	drug	False
allergy	anaphylaxis	False
steroid	stress	False
brain	respiration	False
dermatitis	peritonitis	False
dht	androsterone	False
oestradiol	dht	False
measles	immunization	True
boy	female	False
androgen	dht	False
ejaculate	semen	True
achlorhydria	bleeding	False
cartilage	joint	True
laxative	diuresis	False
ingestion	stroke	False
osteomyelitis	pathogen	False
juice	fruit	True
contraction	tumour	False
neomycin	ampicillin	False
trauma	abscess	False
diet	hemorrhage	False
hypertrophy	hyperplasia	False
impetigo	conjunctivitis	False
laryngitis	fever	False
vagina	archegonium	False
contraction	exertion	False
hemorrhage	urticaria	False
laxative	alcohol	False
lesion	alcohol	False
tension	noise	False
fluid	saline	False
hemorrhage	keratitis	False
dryness	thirst	False
prostatitis	conjunctivitis	False
bleeding	depression	False
aneurysm	tension	False
enzyme	galactosidase	False
dog	rodent	False
child	million	False
gastritis	ulceration	False
thousand	monocyte	False
empyema	disease	True
boy	testis	False
men	brain	False
thirst	dryness	False
stroke	ingestion	False
stress	diet	False
steroid	pain	False
ulceration	alopecia	False
cold	cough	False
exercise	fiber	False
blood	bite	False
urticaria	pain	False
thrombosis	hemoconcentration	False
hypertension	rash	False
alcohol	acetaminophen	False
peritonitis	pneumonia	False
hemoconcentration	depression	False
reductase	liver	False
gastritis	pain	False
synovitis	fever	False
fever	measles	False
pneumonia	angina	False
men	woman	False
phenol	lecithin	False
dacryocystitis	arthritis	False
fever	organism	False
conjunctivitis	pathogen	False
blueberry	apple	False
blindness	death	False
men	spermatocyte	False
androgen	hormone	True
stroke	abscess	False
urticaria	hemorrhage	False
angina	cellulitis	False
osteoarthritis	tuberculosis	False
prevention	disease	False
dog	saliva	False
transfusion	achlorhydria	False
cytotoxicity	radical	False
thirst	confusion	False
camphor	aspirin	False
rest	aspirin	False
pneumonia	cough	False
testis	semen	False
flea	bite	True
migraine	fever	False
scabies	lesion	False
cellulitis	pathogen	False
lesion	contraction	False
brain	testis	False
pneumonia	abscess	False
lesion	ingestion	False
woman	men	False
spermatogonium	spermatocyte	False
hypotension	death	False
tuberculosis	pneumococcus	False
lesion	rhinitis	False
pharyngitis	streptococci	False
fever	conjunctivitis	False
morphine	diet	False
chill	pneumococcus	False
men	hypogonadism	False
semen	ejaculate	True
glass	food	False
tumour	ingestion	False
epidemic	fever	False
diarrhea	heat	False
itching	chill	False
gingivostomatitis	insipidus	False
ampicillin	aminoglycosides	False
chill	tuberculosis	False
angina	pneumonia	False
androstenedione	chocolate	False
empyema	osteomyelitis	False
man	spermatocyte	False
exertion	ingestion	False
hepatotoxicity	bleeding	False
death	thirst	False
rash	hypertension	False
lesion	depression	False
bite	rabbit	False
hemorrhage	fever	False
head	hemorrhage	False
fertilization	insemination	False
impetigo	furunculosis	False
oestradiol	dihydrotestosterone	False
migraine	ingestion	False
contraction	stress	False
insect	transfusion	True
joint	cartilage	True
anaphylaxis	rash	False
aspirin	opiate	False
gingivostomatitis	diuresis	False
organism	peritonitis	False
lecithin	phenol	False
kidney	respiration	False
fruit	vitamin	True
diarrhea	cellulitis	False
bleeding	iron	False
irritability	tension	True
stress	hypertension	False
bone	joint	True
respiration	cns	False
bacterium	toxin	False
itch	itching	True
thirst	hemoconcentration	False
irritability	jitteriness	True
semen	csf	False
million	child	False
insipidus	heat	False
exertion	hypertension	False
coffee	alcohol	False
ketamine	trichloroethylene	False
blindness	abortion	False
migraine	rash	False
warfarin	anticoagulant	True
fever	death	False
fever	osteomyelitis	False
aspirin	camphor	False
death	cough	False
enema	fiber	False
hyperplasia	cancer	False
tuberculosis	chill	False
prostatitis	diarrhea	False
heat	excitement	False
glomerulonephritis	conjunctivitis	False
testis	bone	False
stress	morphine	False
polyarthritis	arthropathy	False
temperature	pain	False
bleeding	achlorhydria	False
anxiety	heat	False
morphine	laxative	False
phenylbutazone	cocaine	False
contraction	lesion	False
thrombosis	hypotension	False
pathogen	cold	False
empyema	organism	False
opiate	trichloroethylene	False
diet	exercise	False
tea	steroid	False
keratitis	convulsion	False
osteitis	paralysis	False
dysphagia	exercise	False
juice	orange	False
man	spermatogonium	False
lesion	ulceration	True
hematoma	fever	False
conjunctivitis	cold	False
streptococci	chill	False
immunity	disease	False
mumps	pneumonia	False
life	million	False
opium	pain	False
valerian	hypnotic	False
opiate	opium	True
fluid	hyperglycaemia	False
apple	oil	False
hundred	lymphocyte	False
joint	polyarthritis	False
aspirin	trichloroethylene	False
depression	tea	False
aspiration	pathogen	False
immunity	immunization	True
vasodilatation	heart	False
lesion	vertigo	False
immunity	antibody	False
diarrhea	exercise	False
joint	body	True
bite	pharyngitis	False
vasodilatation	dilation	True
diet	laxative	False
hive	urticaria	True
rheumatoid	osteoarthritis	False
anaphylaxis	conjunctivitis	False
rash	spot	True
discomfort	tension	False
sputum	measles	False
gastritis	urticaria	False
tension	contraction	False
redness	eruption	False
pain	abortion	False
testis	liver	False
prostaglandin	clotting	False
empyema	conjunctivitis	False
bite	cellulitis	False
chill	influenza	False
bleeding	urticaria	False
cough	empyema	False
disease	depression	False
steroid	lesion	False
aggression	masculinization	False
bite	streptococci	False
illness	dermatitis	False
disease	pneumonia	False
testis	ejaculate	False
semen	antheridium	False
abstinence	fear	False
conjunctivitis	urticaria	False
blindness	pain	False
female	men	False
reductase	aromatization	False
fever	rash	False
stroke	stress	False
cough	vertigo	False
ampicillin	antibiotic	True
diuresis	fluid	False
anaemia	chancre	False
contraction	dilation	False
opium	trichloroethylene	False
smallpox	antigen	True
death	tuberculosis	False
stress	anxiety	True
pain	arthritis	False
acetaminophen	opiate	False
morphine	stress	False
trichloroethylene	opiate	False
empyema	impetigo	False
stroke	fever	False
depression	thirst	False
thrombosis	preeclampsia	False
body	brain	False
fever	depression	False
opium	hypothyroidism	False
aid	lysis	False
ketamine	pentazocine	False
illness	empyema	False
impetigo	abscess	False
death	influenza	False
scarlatina	fever	False
cough	mumps	False
rhinitis	allergy	False
maturation	virilization	False
fever	aneurysm	False
million	life	True
pain	polyarthritis	False
neomycin	aminoglycosides	False
excitement	stress	False
pathogen	fever	False
ingestion	alcohol	False
hematoma	lesion	False
abscess	vertigo	False
ulceration	urticaria	False
tuberculosis	necrosis	False
jitteriness	irritability	True
oestradiol	androsterone	False
arthritis	lesion	False
vasoconstriction	diarrhea	False
redness	lesion	False
pathogen	impetigo	False
hemorrhage	aneurysm	False
urticaria	itching	False
cough	chill	False
fever	contraction	False
abscess	irritability	False
cocaine	opium	False
bacitracin	fluoroquinolones	False
morphine	cocaine	False
osteomyelitis	impetigo	False
hepatotoxicity	asthma	False
influenza	empyema	False
insipidus	diarrhea	False
testis	man	True
lymphocyte	hundred	False
heart	vasoconstriction	False
fever	lung	False
insect	blood	True
sputum	abscess	False
aminoglycosides	rifampin	False
cold	impetigo	False
erythrocyte	pallor	False
peroxide	antibiotic	False
empyema	peritonitis	False
coffee	chocolate	False
cellulitis	organism	False
dht	androgen	False
vagina	uterus	False
bite	neurosyphilis	False
phthisis	empyema	False
opium	alcohol	False
ketamine	opium	False
vertigo	contraction	False
urticaria	coughing	False
coffee	hypertension	False
glucose	monosaccharide	True
exercise	food	False
fiber	diet	True
synthetase	clotting	False
noise	excitement	False
woman	body	True
pain	paralysis	False
vessel	heart	False
amblyopia	vertigo	False
morphine	fiber	False
allergy	conjunctivitis	False
dermatitis	pneumonia	False
meperidine	trichloroethylene	False
laxative	pain	False
pathogen	influenza	False
neurosyphilis	death	False
tablet	pain	False
reading	heat	False
androsterone	hormone	True
opium	aspirin	False
abscess	sputum	False
impetigo	diphtheria	False
tension	hematoma	False
antibiotic	methicillin	False
diphtheria	pharyngitis	False
fear	pain	False
tuberculosis	osteoarthritis	False
pain	tea	False
influenza	atelectasis	False
morphine	opium	True
contraction	pain	False
hypertension	anxiety	False
ingestion	aneurysm	False
pneumonia	dacryocystitis	False
abortion	death	False
noise	reading	False
illness	pneumonia	False
chill	cough	False
lightheadedness	scotoma	False
pneumonia	immunosuppression	False
illness	pathogen	False
jitteriness	insomnia	False
hypertension	fever	False
aneurysm	stenosis	False
diarrhea	disease	True
cocaine	aspirin	False
pain	alopecia	False
brain	lymphocyte	False
aneurysm	noise	False
convulsion	alopecia	False
ketamine	meperidine	False
panencephalitis	spot	False
tea	chocolate	False
diphtheria	abscess	False
diphtheria	cellulitis	False
tea	blueberry	False
thousand	blood	False
anxiety	steroid	False
diet	thalassemia	False
anaemia	paralysis	False
alcohol	excitement	False
sex	blood	False
dog	skunk	False
diet	androgen	False
phenol	glutathione	False
irritability	depression	False
panencephalitis	pneumonia	False
exercise	sweating	True
globulin	shbg	False
rifampin	chloramphenicol	False
anxiety	stroke	False
woman	boy	False
pain	abscess	False
streptococci	cellulitis	False
cough	fever	False
fever	pneumonia	False
anaphylaxis	histamine	False
lesion	aneurysm	False
tea	pain	False
cellulitis	bite	False
alcohol	aneurysm	False
semen	man	False
vertigo	irritability	False
heat	hematoma	False
hypertension	stroke	False
peritonitis	diarrhea	False
rash	depression	False
pain	fiber	False
androgen	oestradiol	False
lesion	exertion	False
anxiety	hemorrhage	False
alcohol	camphor	False
cold	pneumococcus	False
blindness	lesion	False
hepatotoxicity	depression	False
trauma	fracture	False
urticaria	hepatotoxicity	False
osteomyelitis	arthritis	False
pain	haematemesis	False
brain	bloodstream	False
pain	death	False
death	abortion	False
tumour	contraction	False
morphine	opiate	True
men	man	True
stress	reading	False
antibiotic	peroxide	False
lesion	hypertension	False
tuberculosis	lesion	False
pneumococcus	pneumonia	False
heart	vessel	False
tuberculosis	streptococci	False
impetigo	cellulitis	False
pneumonia	illness	True
contraction	irritability	False
coughing	itching	False
prostatitis	cold	False
disease	measles	False
marrow	blood	False
itching	conjunctivitis	False
streptococci	tuberculosis	False
hemorrhage	pneumonia	False
excitement	ingestion	False
influenza	chill	False
ketamine	camphor	False
cancer	masculinization	False
pain	alcohol	False
insomnia	diarrhea	False
atelectasis	aspiration	False
death	immunodeficiency	False
cocaine	ketamine	False
rhinitis	hive	False
irritability	trauma	False
chill	sputum	False
angina	streptococci	False
transfusion	iron	False
dacryocystitis	impetigo	False
penicillinase	lactamases	True
impetigo	arthritis	False
streptococci	anthrax	False
diarrhea	rash	False
itching	rhinorrhea	False
fever	thirst	False
enema	diet	False
hypertension	pain	False
ulceration	bleeding	False
phenylbutazone	ketamine	False
compress	steroid	False
lesion	heat	False
allergy	asthma	False
hemoconcentration	coma	False
cold	fever	False
abortion	anaemia	False
streptococci	pneumococcus	False
lesion	tumour	False
fluid	tenosynovitis	False
osteomyelitis	furunculosis	False
exertion	alcohol	False
synovitis	rash	False
rest	alcohol	False
diarrhea	depression	False
pain	scleritis	False
stress	abscess	False
osteomyelitis	dermatitis	False
keratitis	lesion	False
dermatitis	illness	True
dog	cat	False
androgen	diet	False
furunculosis	empyema	False
disease	smallpox	False
aspirin	coffee	False
anaphylaxis	rhinitis	False
anaphylaxis	allergy	True
vessel	testis	False
cold	pneumonia	False
brain	men	False
epidemic	child	False
pain	keratitis	False
necrosis	cough	False
hemorrhage	ulceration	False
hemoconcentration	death	False
hypotension	exhaustion	False
fever	confusion	False
vertigo	stroke	False
vessel	brain	False
lysis	death	False
blood	bloodstream	True
lesion	stress	False
dhea	pregnenolone	False
heat	tumour	False
osteomyelitis	polyarthritis	False
lesion	noise	False
tumour	coffee	False
streptococci	diphtheria	False
stress	migraine	False
death	dryness	False
anaemia	lesion	False
drug	ampicillin	False
coffee	hematoma	False
trichloroethylene	meperidine	False
exertion	abscess	False
arthritis	cellulitis	False
contraction	aneurysm	False
fluoroquinolones	rifampin	False
cyclase	nerve	False
rosemary	lecithin	False
influenza	death	False
dacryocystitis	fever	False
hematoma	hemorrhage	False
hypertrophy	cancer	False
stroke	rash	False
pain	gastritis	False
androstenedione	hormone	True
dog	rabbit	False
fluoroquinolones	bacitracin	False
contraction	hematoma	False
illness	antibody	False
morphine	hypothyroidism	False
transfusion	placenta	False
laxative	fever	False
aneurysm	migraine	False
furunculosis	illness	True
stress	contraction	False
sarcoma	aid	False
aspirin	rest	False
stress	alcohol	False
stroke	preeclampsia	False
apoptosis	discoloration	False
coughing	urticaria	False
ingestion	fever	False
depression	aneurysm	False
camphor	acetaminophen	False
death	aspiration	False
hive	rhinitis	False
steroid	depression	False
fever	synovitis	False
ulceration	keratitis	False
food	exercise	False
respiration	reflex	False
opiate	cocaine	False
bite	dog	False
men	female	False
medicine	tablet	False
polycythemia	hypotension	False
clotting	synthetase	False
pain	opium	False
aspirin	opium	False
trauma	anxiety	False
lesion	abstinence	False
lesion	dermatitis	False
bacitracin	chloramphenicol	False
streptococci	pathogen	False
laxative	fruit	False
fever	stress	False
stroke	hypertension	False
erythrocyte	bleeding	False
hemorrhage	noise	False
angina	diphtheria	False
arthritis	disease	True
bone	brain	False
paralysis	death	False
influenza	abscess	False
tinnitus	urticaria	False
lesion	abscess	False
fever	empyema	False
abscess	aspiration	False
reflex	respiration	False
discomfort	fracture	False
exercise	fluid	False
neurosyphilis	bite	False
chocolate	tea	False
fever	hemorrhage	False
ketamine	phenylbutazone	False
antibody	immunization	True
pneumococcus	pyrexia	False
allergy	anxiety	False
hypertension	migraine	False
urticaria	pruritus	False
semen	blood	False
pasteur	prevention	False
ketamine	acetaminophen	False
disease	diarrhea	False
forehead	head	True
thalassemia	bleeding	False
fear	heart	False
furunculosis	dermatitis	False
cold	pathogen	False
reductase	body	False
dysphagia	diarrhea	False
trauma	aneurysm	False
coma	death	False
tension	reading	False
rodent	dog	False
hemorrhage	haematemesis	False
prostatitis	pathogen	False
lesion	anaemia	False
dermatitis	furunculosis	False
thalassemia	pallor	False
fluid	diarrhea	False
ingestion	exertion	False
fever	anxiety	False
man	semen	False
tuberculosis	abscess	False
anthrax	abscess	False
tumour	tension	False
fear	abstinence	False
vertigo	abscess	False
antigen	fluid	False
illness	disease	True
prevention	measles	False
louse	flea	True
coffee	medicine	False
camphor	cocaine	False
men	semen	False
nerve	heart	False
blood	vein	True
tuberculosis	pain	False
fever	arthropathy	False
cellulitis	empyema	False
placenta	bite	False
fever	dryness	False
rash	stroke	False
brain	prostate	False
flavonoid	chocolate	False
disease	conjunctivitis	False
vessel	placenta	False
trichloroethylene	cocaine	False
hemoconcentration	exhaustion	False
drug	hypnotic	False
exertion	hematoma	False
stroke	noise	False
rhinorrhea	coughing	False
depression	vertigo	False
trauma	vertigo	False
hematoma	noise	False
abstinence	stress	False
disease	glomerulonephritis	False
anthrax	cellulitis	False
cough	tension	False
peritonitis	fever	False
noise	tumour	False
placenta	testis	False
polyarthritis	joint	False
rifampin	bacitracin	False
reading	alcohol	False
illness	dacryocystitis	False
anxiety	allergy	False
coma	hemoconcentration	False
rash	migraine	False
dacryocystitis	osteomyelitis	False
fear	coffee	False
anxiety	hematoma	False
abscess	anthrax	False
pneumonia	conjunctivitis	False
prevention	immunization	True
pain	hypertension	False
abscess	necrosis	False
hypertension	lesion	False
lesion	tenosynovitis	False
cellulitis	furunculosis	False
confusion	dryness	False
fever	pathogen	False
respiration	myocardium	False
laxative	enema	False
neurosyphilis	abortion	False
meperidine	opiate	False
rhinorrhea	urticaria	False
asthma	urticaria	False
rash	allergy	False
contraction	vertigo	False
boy	body	True
bone	vessel	False
restlessness	pain	False
antigen	antibody	True
hemorrhage	thalassemia	False
pain	cough	False
lightheadedness	vertigo	True
aspiration	empyema	False
juice	laxative	True
pathogen	diarrhea	False
chocolate	flavonoid	False
respiration	brain	False
fluid	lesion	False
angina	impetigo	False
hormone	dht	False
hypertension	alcohol	False
tuberculosis	trauma	False
juice	vitamin	True
cocaine	opiate	False
diet	iron	False
stenosis	lesion	False
tablet	medicine	True
depression	death	False
sweating	laxative	False
fluid	pain	False
cns	kidney	False
asthma	haematemesis	False
arthritis	dacryocystitis	False
juice	diet	True
abscess	angina	False
chloramphenicol	neomycin	False
pneumonia	organism	False
cocaine	pentazocine	False
pneumonia	furunculosis	False
measles	illness	True
peritonitis	furunculosis	False
rodent	skunk	False
depression	migraine	False
antigen	fever	False
tablet	child	False
hypoprothrombinemia	bleeding	False
hypotension	fever	False
masculinization	aggression	False
androstenedione	pregnenolone	False
hormone	dihydrotestosterone	False
measles	empyema	False
ampicillin	methicillin	False
masculinization	hypertrophy	False
paralysis	hemorrhage	False
pruritus	coughing	False
tea	coffee	False
haematemesis	hypoprothrombinemia	False
medicine	antacid	False
chancre	neurosyphilis	False
depression	fear	False
respiration	heart	False
urticaria	haematemesis	False
exhaustion	thirst	False
vitamin	juice	False
osteitis	chancre	False
fruit	laxative	True
cough	pneumonia	False
peritonitis	organism	False
aspirin	morphine	False
pneumonia	pharyngitis	False
exercise	diarrhea	False
pain	tablet	False
androstenedione	cholesterol	False
tension	aneurysm	False
tenosynovitis	fluid	False
bite	animal	False
adolescent	teen	True
million	monocyte	False
dryness	hypotension	False
jitteriness	diarrhea	False
stroke	lesion	False
acetaminophen	pentazocine	False
placenta	sex	False
obstruction	opium	False
osteitis	lesion	False
streptococci	organism	True
sex	insect	False
tenosynovitis	subluxation	False
tumour	hypertension	False
phthisis	fever	False
keratitis	arthritis	False
aspiration	chill	False
meperidine	acetaminophen	False
rabbit	bite	False
uterus	ejaculate	False
pathogen	arthritis	False
bite	rodent	False
empyema	cold	False
exhaustion	depression	False
abscess	migraine	False
stenosis	death	False
urticaria	asthma	False
irritability	vasoconstriction	False
blueberry	tea	False
opiate	aspirin	False
chocolate	coffee	False
tinnitus	pain	False
aspiration	death	False
spermatogonium	testis	False
testis	woman	False
lesion	synovitis	False
diarrhea	impetigo	False
cold	sputum	False
men	antheridium	False
tinnitus	haematemesis	False
hemorrhage	alcohol	False
haematemesis	tinnitus	False
fever	heat	False
dog	animal	True
cold	conjunctivitis	False
ejaculate	testis	False
osteomyelitis	pneumonia	False
female	testis	False
fluid	antigen	False
measles	pathogen	False
coffee	stroke	False
hive	pruritus	False
antibiotic	drug	True
thrombosis	polycythemia	False
depression	subluxation	False
rash	fever	False
transfusion	bite	False
paralysis	stenosis	False
convulsion	keratitis	False
nerve	bone	False
life	thousand	False
lesion	scabies	False
pathogen	chill	False
excitement	alcohol	False
aromatization	liver	False
alcohol	exertion	False
neurosyphilis	abscess	False
fever	exercise	False
antheridium	testis	False
contraction	tail	False
prevention	immunity	True
influenza	aspiration	False
abscess	coffee	False
dihydrotestosterone	oestradiol	False
phenylbutazone	morphine	False
thirst	fever	False
steroid	anxiety	False
streptococci	abscess	False
lymphocyte	brain	False
steroid	fear	False
phenol	carotenoid	False
rash	hemorrhage	False
diuresis	laxative	False
woman	blood	False
cns	brain	True
prostaglandin	synthetase	False
tumour	lesion	False
glucose	dextrose	False
stenosis	aneurysm	False
child	pain	False
dryness	confusion	False
carotenoid	flavonoid	False
osteomyelitis	cellulitis	False
fever	tension	False
food	allergy	False
vertigo	anxiety	False
acetaminophen	morphine	False
tuberculosis	pathogen	False
trichloroethylene	morphine	False
scotoma	amblyopia	False
stress	chocolate	False
trauma	tension	False
blood	lymphocyte	False
chill	pathogen	False
iron	achlorhydria	False
furunculosis	osteomyelitis	False
anthrax	impetigo	False
tumour	medulla	False
methicillin	ampicillin	False
heart	bone	False
pharyngitis	neurosyphilis	False
hemorrhage	bleeding	True
hypogonadism	woman	False
organism	furunculosis	False
pain	diet	False
cocaine	phenylbutazone	False
fever	polyarthritis	False
immunodeficiency	aid	True
confusion	death	False
scleritis	lesion	False
hematoma	contraction	False
arthritis	furunculosis	False
death	aid	False
vertigo	rash	False
diuresis	fever	False
migraine	exertion	False
itching	urticaria	False
abstinence	steroid	False
cold	peritonitis	False
rifampin	ampicillin	False
bloodstream	brain	False
androgen	androsterone	False
sex	transfusion	False
androstenedione	diet	False
vertigo	tension	False
blood	placenta	False
pain	urticaria	False
stenosis	blindness	False
hematoma	exertion	False
ingestion	heat	False
exertion	stress	False
immunization	measles	False
conjunctivitis	spot	False
body	woman	False
keratitis	hemorrhage	False
spermatocyte	spermatogonium	False
tinnitus	asthma	False
testis	placenta	False
tension	tumour	False
spasm	death	False
stress	vertigo	False
organism	dermatitis	False
bleeding	asthma	False
stress	steroid	False
rosemary	blueberry	False
rosemary	oil	False
migraine	alcohol	False
lesion	paralysis	False
opium	pentazocine	False
brain	blood	False
alcohol	noise	False
child	fever	False
spermatogonium	antheridium	False
laxative	fiber	False
exertion	stroke	False
nerve	testis	False
aspiration	measles	False
irritability	aneurysm	False
empyema	aspiration	False
phthisis	necrosis	False
depression	rash	False
cellulitis	disease	True
heat	gingivostomatitis	False
depression	alcohol	False
tumour	stress	False
vessel	liver	False
chloramphenicol	fluoroquinolones	False
morphine	pain	False
scotoma	lightheadedness	False
urticaria	hypoprothrombinemia	False
coffee	anxiety	False
stress	heat	False
