western_sahara	locatedIn	africa
trinidad_and_tobago	locatedIn	caribbean
costa_rica	neighborOf	nicaragua
mali	neighborOf	senegal
christmas_island	locatedIn	oceania
algeria	locatedIn	africa
sint_maarten	locatedIn	americas
tajikistan	neighborOf	uzbekistan
zambia	neighborOf	tanzania
martinique	locatedIn	americas
bangladesh	neighborOf	myanmar
lithuania	neighborOf	belarus
austria	neighborOf	czechia
burundi	neighborOf	tanzania
uruguay	neighborOf	brazil
brazil	neighborOf	paraguay
lithuania	locatedIn	europe
russia	locatedIn	eastern_europe
south-eastern_asia	locatedIn	asia
dr_congo	neighborOf	zambia
eritrea	neighborOf	djibouti
guatemala	neighborOf	honduras
uzbekistan	neighborOf	kazakhstan
uruguay	neighborOf	argentina
micronesia	locatedIn	oceania
pitcairn_islands	locatedIn	oceania
bosnia_and_herzegovina	neighborOf	montenegro
honduras	locatedIn	americas
united_arab_emirates	locatedIn	western_asia
sierra_leone	locatedIn	africa
syria	locatedIn	asia
macedonia	neighborOf	bulgaria
mozambique	neighborOf	swaziland
maldives	locatedIn	asia
uganda	neighborOf	tanzania
colombia	locatedIn	americas
spain	locatedIn	southern_europe
italy	neighborOf	switzerland
argentina	locatedIn	south_america
chile	locatedIn	south_america
italy	neighborOf	slovenia
somalia	neighborOf	kenya
republic_of_the_congo	neighborOf	angola
guatemala	neighborOf	belize
sudan	neighborOf	eritrea
slovakia	neighborOf	hungary
honduras	neighborOf	guatemala
sri_lanka	locatedIn	asia
poland	neighborOf	lithuania
romania	neighborOf	serbia
serbia	locatedIn	southern_europe
serbia	neighborOf	macedonia
albania	locatedIn	europe
guatemala	neighborOf	el_salvador
nepal	neighborOf	china
ukraine	locatedIn	europe
iraq	neighborOf	kuwait
poland	locatedIn	eastern_europe
gabon	neighborOf	equatorial_guinea
niger	neighborOf	chad
togo	neighborOf	burkina_faso
kenya	neighborOf	uganda
brazil	neighborOf	uruguay
tokelau	locatedIn	polynesia
sri_lanka	neighborOf	india
norway	locatedIn	northern_europe
oman	neighborOf	yemen
latvia	neighborOf	lithuania
senegal	neighborOf	guinea
djibouti	locatedIn	eastern_africa
united_kingdom	locatedIn	northern_europe
thailand	neighborOf	cambodia
nicaragua	neighborOf	costa_rica
libya	neighborOf	tunisia
sudan	locatedIn	northern_africa
tuvalu	locatedIn	polynesia
central_african_republic	neighborOf	sudan
macedonia	neighborOf	greece
syria	neighborOf	israel
bermuda	locatedIn	northern_america
cape_verde	locatedIn	western_africa
bosnia_and_herzegovina	locatedIn	southern_europe
albania	locatedIn	southern_europe
georgia	locatedIn	asia
colombia	neighborOf	brazil
argentina	neighborOf	chile
kosovo	neighborOf	albania
nigeria	locatedIn	africa
oman	neighborOf	united_arab_emirates
sudan	neighborOf	ethiopia
dominican_republic	locatedIn	americas
latvia	neighborOf	belarus
slovakia	neighborOf	poland
timor-leste	neighborOf	indonesia
venezuela	neighborOf	colombia
pakistan	locatedIn	asia
ivory_coast	locatedIn	africa
republic_of_the_congo	locatedIn	africa
western_sahara	locatedIn	northern_africa
belarus	locatedIn	europe
turkmenistan	neighborOf	uzbekistan
belgium	neighborOf	germany
iraq	neighborOf	saudi_arabia
ecuador	neighborOf	colombia
angola	neighborOf	namibia
angola	locatedIn	middle_africa
suriname	neighborOf	guyana
bulgaria	neighborOf	greece
guatemala	locatedIn	americas
uganda	locatedIn	eastern_africa
india	neighborOf	afghanistan
portugal	locatedIn	europe
dr_congo	neighborOf	tanzania
vietnam	neighborOf	laos
mozambique	locatedIn	africa
new_caledonia	locatedIn	melanesia
thailand	neighborOf	laos
venezuela	locatedIn	americas
el_salvador	locatedIn	americas
bosnia_and_herzegovina	neighborOf	croatia
kenya	neighborOf	tanzania
pakistan	neighborOf	iran
croatia	neighborOf	montenegro
saudi_arabia	neighborOf	yemen
sudan	neighborOf	egypt
guinea-bissau	neighborOf	senegal
malta	locatedIn	southern_europe
antigua_and_barbuda	locatedIn	caribbean
syria	neighborOf	iraq
argentina	neighborOf	paraguay
fiji	locatedIn	oceania
mexico	locatedIn	northern_america
south_africa	neighborOf	lesotho
dr_congo	locatedIn	africa
dr_congo	locatedIn	middle_africa
burkina_faso	locatedIn	western_africa
egypt	neighborOf	israel
são_tomé_and_príncipe	locatedIn	africa
costa_rica	locatedIn	americas
iran	neighborOf	turkey
bhutan	locatedIn	asia
iran	neighborOf	iraq
lesotho	locatedIn	africa
ethiopia	locatedIn	africa
mauritius	locatedIn	africa
peru	neighborOf	brazil
russia	locatedIn	europe
spain	neighborOf	morocco
ukraine	neighborOf	moldova
albania	neighborOf	greece
italy	neighborOf	france
puerto_rico	locatedIn	caribbean
rwanda	neighborOf	uganda
belgium	locatedIn	europe
zambia	neighborOf	mozambique
macau	locatedIn	eastern_asia
laos	neighborOf	thailand
bhutan	neighborOf	china
bosnia_and_herzegovina	neighborOf	serbia
saint_barthélemy	locatedIn	caribbean
france	neighborOf	italy
curaçao	locatedIn	americas
kazakhstan	neighborOf	turkmenistan
mexico	neighborOf	belize
turkmenistan	locatedIn	central_asia
guatemala	locatedIn	central_america
algeria	neighborOf	western_sahara
yemen	neighborOf	saudi_arabia
cambodia	neighborOf	thailand
liechtenstein	locatedIn	europe
republic_of_the_congo	neighborOf	dr_congo
burkina_faso	locatedIn	africa
guinea-bissau	locatedIn	africa
belize	locatedIn	americas
guyana	neighborOf	brazil
mali	neighborOf	niger
niue	locatedIn	oceania
réunion	locatedIn	eastern_africa
serbia	locatedIn	europe
western_sahara	neighborOf	algeria
pitcairn_islands	locatedIn	polynesia
azerbaijan	locatedIn	western_asia
argentina	neighborOf	uruguay
brazil	neighborOf	peru
cayman_islands	locatedIn	americas
macedonia	neighborOf	albania
micronesia	locatedIn	micronesia
mali	neighborOf	burkina_faso
south_sudan	neighborOf	uganda
uzbekistan	neighborOf	tajikistan
suriname	locatedIn	south_america
algeria	neighborOf	libya
ethiopia	locatedIn	eastern_africa
czechia	neighborOf	germany
syria	locatedIn	western_asia
jamaica	locatedIn	americas
afghanistan	neighborOf	china
spain	neighborOf	portugal
anguilla	locatedIn	caribbean
slovenia	neighborOf	austria
eritrea	locatedIn	africa
montenegro	neighborOf	serbia
namibia	locatedIn	southern_africa
germany	neighborOf	luxembourg
romania	neighborOf	hungary
georgia	neighborOf	russia
namibia	neighborOf	angola
new_caledonia	locatedIn	oceania
iran	neighborOf	afghanistan
réunion	locatedIn	africa
sudan	neighborOf	south_sudan
angola	neighborOf	republic_of_the_congo
guinea	neighborOf	senegal
pakistan	locatedIn	southern_asia
togo	locatedIn	western_africa
germany	neighborOf	switzerland
brunei	neighborOf	malaysia
cameroon	neighborOf	nigeria
kiribati	locatedIn	oceania
italy	neighborOf	san_marino
somalia	locatedIn	eastern_africa
turkey	neighborOf	georgia
china	neighborOf	laos
ireland	neighborOf	united_kingdom
bolivia	neighborOf	peru
italy	neighborOf	vatican_city
sudan	locatedIn	africa
saudi_arabia	neighborOf	kuwait
nigeria	neighborOf	niger
azerbaijan	neighborOf	armenia
australia	locatedIn	australia_and_new_zealand
russia	neighborOf	mongolia
mali	neighborOf	ivory_coast
austria	neighborOf	liechtenstein
haiti	neighborOf	dominican_republic
mali	locatedIn	africa
argentina	locatedIn	americas
niger	neighborOf	benin
libya	neighborOf	chad
chad	neighborOf	central_african_republic
india	neighborOf	bhutan
israel	locatedIn	asia
russia	neighborOf	finland
bolivia	neighborOf	chile
hong_kong	neighborOf	china
puerto_rico	locatedIn	americas
andorra	locatedIn	southern_europe
eastern_asia	locatedIn	asia
mayotte	locatedIn	eastern_africa
croatia	locatedIn	europe
kyrgyzstan	neighborOf	kazakhstan
niue	locatedIn	polynesia
central_african_republic	locatedIn	africa
saudi_arabia	neighborOf	oman
montserrat	locatedIn	americas
tonga	locatedIn	oceania
yemen	neighborOf	oman
united_states	neighborOf	mexico
malawi	neighborOf	tanzania
guam	locatedIn	oceania
poland	neighborOf	slovakia
saint_pierre_and_miquelon	locatedIn	northern_america
samoa	locatedIn	oceania
turks_and_caicos_islands	locatedIn	caribbean
bahamas	locatedIn	caribbean
guyana	locatedIn	americas
slovakia	locatedIn	europe
niger	neighborOf	algeria
serbia	neighborOf	kosovo
venezuela	neighborOf	brazil
ghana	locatedIn	western_africa
belarus	neighborOf	ukraine
liberia	neighborOf	sierra_leone
somalia	locatedIn	africa
vanuatu	locatedIn	melanesia
jordan	neighborOf	saudi_arabia
kyrgyzstan	neighborOf	tajikistan
france	locatedIn	western_europe
indonesia	neighborOf	malaysia
tonga	locatedIn	polynesia
south_africa	neighborOf	swaziland
malawi	locatedIn	eastern_africa
iran	neighborOf	azerbaijan
papua_new_guinea	neighborOf	indonesia
vietnam	locatedIn	south-eastern_asia
peru	neighborOf	ecuador
hong_kong	locatedIn	asia
greece	neighborOf	bulgaria
monaco	neighborOf	france
palestine	neighborOf	israel
bangladesh	locatedIn	asia
equatorial_guinea	neighborOf	gabon
south_korea	neighborOf	north_korea
egypt	locatedIn	africa
estonia	locatedIn	europe
kiribati	locatedIn	micronesia
norfolk_island	locatedIn	oceania
zimbabwe	neighborOf	botswana
united_arab_emirates	locatedIn	asia
dr_congo	neighborOf	rwanda
qatar	locatedIn	western_asia
latvia	locatedIn	europe
afghanistan	locatedIn	asia
brazil	neighborOf	colombia
palestine	neighborOf	egypt
chile	locatedIn	americas
central_asia	locatedIn	asia
laos	neighborOf	vietnam
oman	neighborOf	saudi_arabia
tajikistan	locatedIn	asia
yemen	locatedIn	western_asia
central_african_republic	neighborOf	south_sudan
tajikistan	neighborOf	kyrgyzstan
ethiopia	neighborOf	somalia
turkey	neighborOf	azerbaijan
saint_lucia	locatedIn	americas
cocos_keeling_islands	locatedIn	australia_and_new_zealand
bhutan	locatedIn	southern_asia
colombia	neighborOf	peru
uganda	locatedIn	africa
south_korea	locatedIn	asia
romania	neighborOf	ukraine
greece	neighborOf	turkey
uzbekistan	locatedIn	central_asia
czechia	neighborOf	slovakia
jordan	locatedIn	western_asia
mali	neighborOf	guinea
germany	neighborOf	denmark
svalbard_and_jan_mayen	locatedIn	northern_europe
benin	locatedIn	africa
bahrain	locatedIn	western_asia
senegal	neighborOf	guinea-bissau
nauru	locatedIn	oceania
norway	neighborOf	russia
venezuela	locatedIn	south_america
pakistan	neighborOf	india
ecuador	locatedIn	south_america
kyrgyzstan	neighborOf	china
bangladesh	locatedIn	southern_asia
israel	neighborOf	jordan
mali	neighborOf	mauritania
switzerland	locatedIn	europe
armenia	locatedIn	asia
mali	neighborOf	algeria
botswana	locatedIn	africa
saint_kitts_and_nevis	locatedIn	americas
china	neighborOf	vietnam
serbia	neighborOf	bulgaria
italy	locatedIn	europe
ethiopia	neighborOf	sudan
northern_mariana_islands	locatedIn	oceania
cambodia	neighborOf	vietnam
gibraltar	locatedIn	europe
greece	neighborOf	macedonia
hungary	neighborOf	croatia
french_polynesia	locatedIn	oceania
guernsey	locatedIn	europe
brazil	neighborOf	guyana
australia	locatedIn	oceania
guyana	locatedIn	south_america
czechia	neighborOf	poland
comoros	locatedIn	africa
gambia	locatedIn	africa
iraq	neighborOf	syria
macedonia	neighborOf	serbia
south_georgia	locatedIn	south_america
uruguay	locatedIn	south_america
liechtenstein	neighborOf	austria
guyana	neighborOf	venezuela
mongolia	neighborOf	russia
mauritius	locatedIn	eastern_africa
ivory_coast	neighborOf	mali
tanzania	neighborOf	rwanda
netherlands	locatedIn	europe
zambia	neighborOf	angola
comoros	locatedIn	eastern_africa
bulgaria	locatedIn	europe
liberia	neighborOf	ivory_coast
india	neighborOf	china
southern_africa	locatedIn	africa
cameroon	neighborOf	central_african_republic
northern_mariana_islands	locatedIn	micronesia
nepal	locatedIn	southern_asia
faroe_islands	locatedIn	northern_europe
netherlands	neighborOf	belgium
georgia	neighborOf	azerbaijan
senegal	neighborOf	mali
kuwait	locatedIn	asia
solomon_islands	locatedIn	melanesia
namibia	locatedIn	africa
bolivia	neighborOf	paraguay
mayotte	locatedIn	africa
western_asia	locatedIn	asia
eritrea	neighborOf	sudan
namibia	neighborOf	south_africa
gibraltar	locatedIn	southern_europe
india	locatedIn	asia
rwanda	neighborOf	burundi
eritrea	locatedIn	eastern_africa
germany	neighborOf	france
chad	neighborOf	cameroon
north_korea	locatedIn	asia
belize	locatedIn	central_america
ghana	neighborOf	ivory_coast
afghanistan	neighborOf	uzbekistan
nicaragua	locatedIn	central_america
oman	locatedIn	asia
ivory_coast	locatedIn	western_africa
french_guiana	locatedIn	south_america
peru	neighborOf	bolivia
france	neighborOf	monaco
sierra_leone	locatedIn	western_africa
suriname	locatedIn	americas
macau	neighborOf	china
cameroon	neighborOf	gabon
chile	neighborOf	bolivia
guinea	locatedIn	africa
canada	locatedIn	northern_america
japan	locatedIn	asia
grenada	locatedIn	caribbean
andorra	neighborOf	france
germany	neighborOf	netherlands
belgium	locatedIn	western_europe
tanzania	locatedIn	eastern_africa
israel	neighborOf	syria
united_states_virgin_islands	locatedIn	caribbean
france	neighborOf	switzerland
senegal	locatedIn	africa
india	neighborOf	pakistan
serbia	neighborOf	montenegro
hungary	neighborOf	slovenia
isle_of_man	locatedIn	europe
kenya	locatedIn	eastern_africa
sudan	neighborOf	chad
somalia	neighborOf	djibouti
turkey	locatedIn	western_asia
turkey	neighborOf	bulgaria
ghana	neighborOf	togo
montenegro	neighborOf	kosovo
sierra_leone	neighborOf	liberia
el_salvador	locatedIn	central_america
japan	locatedIn	eastern_asia
zimbabwe	locatedIn	africa
northern_africa	locatedIn	africa
paraguay	locatedIn	americas
south_sudan	neighborOf	ethiopia
slovenia	locatedIn	southern_europe
bulgaria	locatedIn	eastern_europe
trinidad_and_tobago	locatedIn	americas
togo	locatedIn	africa
mozambique	neighborOf	zimbabwe
germany	locatedIn	europe
guernsey	locatedIn	northern_europe
malaysia	neighborOf	indonesia
estonia	neighborOf	russia
russia	neighborOf	china
austria	neighborOf	slovakia
central_african_republic	neighborOf	dr_congo
el_salvador	neighborOf	guatemala
india	neighborOf	myanmar
finland	neighborOf	sweden
burkina_faso	neighborOf	togo
costa_rica	locatedIn	central_america
kyrgyzstan	locatedIn	asia
belarus	neighborOf	russia
gabon	neighborOf	republic_of_the_congo
sudan	neighborOf	central_african_republic
libya	locatedIn	africa
croatia	neighborOf	bosnia_and_herzegovina
burundi	locatedIn	africa
gabon	neighborOf	cameroon
namibia	neighborOf	zambia
tanzania	neighborOf	malawi
mali	locatedIn	western_africa
azerbaijan	neighborOf	iran
ireland	locatedIn	europe
kosovo	neighborOf	serbia
switzerland	neighborOf	liechtenstein
senegal	neighborOf	mauritania
serbia	neighborOf	croatia
south_sudan	locatedIn	africa
nauru	locatedIn	micronesia
lesotho	neighborOf	south_africa
peru	neighborOf	chile
tanzania	locatedIn	africa
ivory_coast	neighborOf	liberia
qatar	neighborOf	saudi_arabia
cape_verde	locatedIn	africa
luxembourg	neighborOf	germany
peru	locatedIn	americas
haiti	locatedIn	caribbean
martinique	locatedIn	caribbean
turkmenistan	neighborOf	kazakhstan
belarus	neighborOf	poland
bolivia	neighborOf	brazil
afghanistan	neighborOf	pakistan
france	locatedIn	europe
jordan	locatedIn	asia
nicaragua	locatedIn	americas
nigeria	neighborOf	chad
swaziland	locatedIn	africa
cameroon	neighborOf	equatorial_guinea
hungary	neighborOf	austria
united_states	locatedIn	americas
andorra	neighborOf	spain
south_korea	locatedIn	eastern_asia
indonesia	locatedIn	south-eastern_asia
ethiopia	neighborOf	south_sudan
palestine	neighborOf	jordan
western_sahara	neighborOf	morocco
france	neighborOf	belgium
croatia	neighborOf	hungary
kenya	neighborOf	ethiopia
turkey	locatedIn	asia
mozambique	neighborOf	zambia
romania	locatedIn	eastern_europe
venezuela	neighborOf	guyana
georgia	neighborOf	turkey
samoa	locatedIn	polynesia
yemen	locatedIn	asia
åland_islands	locatedIn	northern_europe
guinea	locatedIn	western_africa
saint_martin	neighborOf	sint_maarten
seychelles	locatedIn	africa
kuwait	locatedIn	western_asia
laos	locatedIn	asia
belarus	neighborOf	lithuania
russia	neighborOf	ukraine
sint_maarten	neighborOf	saint_martin
norway	neighborOf	finland
hong_kong	locatedIn	eastern_asia
switzerland	neighborOf	austria
republic_of_the_congo	neighborOf	gabon
senegal	locatedIn	western_africa
gibraltar	neighborOf	spain
albania	neighborOf	kosovo
croatia	neighborOf	serbia
luxembourg	neighborOf	france
myanmar	neighborOf	india
southern_asia	locatedIn	asia
central_african_republic	locatedIn	middle_africa
kazakhstan	locatedIn	central_asia
niger	locatedIn	western_africa
central_europe	locatedIn	europe
cambodia	locatedIn	asia
tanzania	neighborOf	mozambique
melanesia	locatedIn	oceania
liberia	locatedIn	africa
albania	neighborOf	macedonia
maldives	locatedIn	southern_asia
estonia	locatedIn	northern_europe
china	neighborOf	myanmar
poland	neighborOf	germany
south_africa	locatedIn	africa
laos	neighborOf	china
zimbabwe	neighborOf	zambia
georgia	locatedIn	western_asia
morocco	neighborOf	spain
fiji	locatedIn	melanesia
christmas_island	locatedIn	australia_and_new_zealand
spain	neighborOf	gibraltar
poland	locatedIn	europe
north_korea	neighborOf	china
czechia	neighborOf	austria
tokelau	locatedIn	oceania
china	locatedIn	eastern_asia
ukraine	locatedIn	eastern_europe
uzbekistan	neighborOf	kyrgyzstan
bangladesh	neighborOf	india
wallis_and_futuna	locatedIn	polynesia
central_african_republic	neighborOf	cameroon
mexico	neighborOf	united_states
myanmar	neighborOf	china
czechia	locatedIn	europe
ukraine	neighborOf	russia
north_korea	locatedIn	eastern_asia
russia	neighborOf	norway
western_europe	locatedIn	europe
paraguay	locatedIn	south_america
macau	locatedIn	asia
united_kingdom	locatedIn	europe
iran	neighborOf	pakistan
botswana	neighborOf	namibia
caribbean	locatedIn	americas
russia	neighborOf	latvia
austria	neighborOf	germany
china	neighborOf	russia
denmark	neighborOf	germany
myanmar	locatedIn	asia
south_africa	locatedIn	southern_africa
american_samoa	locatedIn	polynesia
algeria	neighborOf	morocco
mongolia	neighborOf	china
france	neighborOf	andorra
bahamas	locatedIn	americas
iran	locatedIn	asia
morocco	locatedIn	africa
sudan	neighborOf	libya
tanzania	neighborOf	dr_congo
zambia	locatedIn	africa
slovakia	neighborOf	austria
botswana	neighborOf	zimbabwe
hungary	neighborOf	romania
libya	neighborOf	egypt
mozambique	locatedIn	eastern_africa
denmark	locatedIn	europe
chad	locatedIn	africa
saudi_arabia	locatedIn	western_asia
nigeria	locatedIn	western_africa
china	neighborOf	afghanistan
pakistan	neighborOf	china
vanuatu	locatedIn	oceania
jordan	neighborOf	israel
hungary	locatedIn	europe
india	neighborOf	nepal
guadeloupe	locatedIn	americas
belgium	neighborOf	netherlands
poland	neighborOf	ukraine
denmark	locatedIn	northern_europe
spain	locatedIn	europe
ethiopia	neighborOf	kenya
united_states	locatedIn	northern_america
british_virgin_islands	locatedIn	americas
somalia	neighborOf	ethiopia
belarus	locatedIn	eastern_europe
france	neighborOf	luxembourg
south_africa	neighborOf	zimbabwe
panama	locatedIn	central_america
paraguay	neighborOf	brazil
syria	neighborOf	lebanon
argentina	neighborOf	bolivia
portugal	neighborOf	spain
french_polynesia	locatedIn	polynesia
tunisia	neighborOf	libya
chad	neighborOf	nigeria
finland	locatedIn	europe
south_sudan	neighborOf	central_african_republic
belgium	neighborOf	france
saint_martin	locatedIn	caribbean
slovakia	neighborOf	czechia
ivory_coast	neighborOf	burkina_faso
latvia	locatedIn	northern_europe
south_africa	neighborOf	botswana
czechia	locatedIn	eastern_europe
brazil	locatedIn	americas
cyprus	locatedIn	europe
togo	neighborOf	ghana
paraguay	neighborOf	bolivia
slovenia	neighborOf	italy
san_marino	locatedIn	europe
swaziland	neighborOf	south_africa
vietnam	locatedIn	asia
china	neighborOf	tajikistan
saint_barthélemy	locatedIn	americas
niger	neighborOf	nigeria
são_tomé_and_príncipe	locatedIn	middle_africa
germany	neighborOf	austria
greece	neighborOf	albania
burkina_faso	neighborOf	ghana
angola	neighborOf	dr_congo
belize	neighborOf	mexico
central_african_republic	neighborOf	chad
malta	locatedIn	europe
oman	locatedIn	western_asia
romania	locatedIn	europe
saint_kitts_and_nevis	locatedIn	caribbean
ukraine	neighborOf	poland
palestine	locatedIn	asia
israel	neighborOf	lebanon
bulgaria	neighborOf	turkey
falkland_islands	locatedIn	south_america
lithuania	locatedIn	northern_europe
mauritania	neighborOf	mali
nigeria	neighborOf	cameroon
argentina	neighborOf	brazil
italy	locatedIn	southern_europe
uganda	neighborOf	rwanda
grenada	locatedIn	americas
saudi_arabia	neighborOf	jordan
saudi_arabia	neighborOf	united_arab_emirates
french_guiana	neighborOf	brazil
kyrgyzstan	locatedIn	central_asia
sweden	locatedIn	northern_europe
russia	neighborOf	north_korea
zambia	neighborOf	botswana
russia	neighborOf	estonia
poland	neighborOf	belarus
kosovo	locatedIn	europe
united_states	neighborOf	canada
italy	neighborOf	austria
dominican_republic	locatedIn	caribbean
brazil	neighborOf	venezuela
zambia	neighborOf	malawi
ecuador	locatedIn	americas
malawi	neighborOf	zambia
eastern_europe	locatedIn	europe
germany	neighborOf	czechia
united_states_minor_outlying_islands	locatedIn	northern_america
benin	locatedIn	western_africa
svalbard_and_jan_mayen	locatedIn	europe
kosovo	neighborOf	macedonia
åland_islands	locatedIn	europe
turkmenistan	neighborOf	iran
egypt	neighborOf	libya
saint_martin	locatedIn	americas
uzbekistan	neighborOf	turkmenistan
united_states_minor_outlying_islands	locatedIn	americas
uzbekistan	locatedIn	asia
taiwan	locatedIn	asia
croatia	neighborOf	slovenia
tajikistan	neighborOf	china
dr_congo	neighborOf	burundi
iran	locatedIn	southern_asia
andorra	locatedIn	europe
western_africa	locatedIn	africa
kuwait	neighborOf	iraq
nicaragua	neighborOf	honduras
south_sudan	neighborOf	kenya
burundi	neighborOf	dr_congo
slovenia	neighborOf	hungary
luxembourg	locatedIn	western_europe
jordan	neighborOf	syria
rwanda	locatedIn	africa
china	locatedIn	asia
russia	neighborOf	belarus
iraq	neighborOf	turkey
cambodia	locatedIn	south-eastern_asia
dr_congo	neighborOf	republic_of_the_congo
mozambique	neighborOf	south_africa
pakistan	neighborOf	afghanistan
burkina_faso	neighborOf	benin
palau	locatedIn	oceania
tanzania	neighborOf	kenya
laos	locatedIn	south-eastern_asia
guinea	neighborOf	liberia
algeria	neighborOf	mauritania
lebanon	neighborOf	syria
vatican_city	neighborOf	italy
iraq	neighborOf	iran
liechtenstein	locatedIn	western_europe
norfolk_island	locatedIn	australia_and_new_zealand
djibouti	neighborOf	eritrea
austria	neighborOf	italy
botswana	locatedIn	southern_africa
serbia	neighborOf	romania
albania	neighborOf	montenegro
madagascar	locatedIn	africa
iraq	locatedIn	asia
algeria	neighborOf	tunisia
finland	locatedIn	northern_europe
nepal	locatedIn	asia
new_zealand	locatedIn	australia_and_new_zealand
jersey	locatedIn	europe
mauritania	locatedIn	africa
benin	neighborOf	nigeria
isle_of_man	locatedIn	northern_europe
brazil	neighborOf	argentina
spain	neighborOf	france
philippines	locatedIn	asia
seychelles	locatedIn	eastern_africa
chile	neighborOf	argentina
honduras	neighborOf	nicaragua
haiti	locatedIn	americas
bulgaria	neighborOf	serbia
honduras	locatedIn	central_america
kazakhstan	neighborOf	uzbekistan
saudi_arabia	neighborOf	qatar
macedonia	locatedIn	southern_europe
cyprus	neighborOf	united_kingdom
myanmar	locatedIn	south-eastern_asia
mongolia	locatedIn	asia
mauritania	neighborOf	western_sahara
hungary	locatedIn	eastern_europe
tuvalu	locatedIn	oceania
lithuania	neighborOf	latvia
ukraine	neighborOf	hungary
falkland_islands	locatedIn	americas
republic_of_the_congo	locatedIn	middle_africa
nigeria	neighborOf	benin
panama	neighborOf	colombia
belize	neighborOf	guatemala
swaziland	neighborOf	mozambique
cameroon	neighborOf	republic_of_the_congo
jamaica	locatedIn	caribbean
turkmenistan	locatedIn	asia
afghanistan	locatedIn	southern_asia
lebanon	locatedIn	western_asia
gabon	locatedIn	africa
united_kingdom	neighborOf	ireland
lebanon	locatedIn	asia
mongolia	locatedIn	eastern_asia
liberia	neighborOf	guinea
south_sudan	neighborOf	sudan
sweden	neighborOf	finland
thailand	locatedIn	asia
peru	neighborOf	colombia
ivory_coast	neighborOf	ghana
turkey	neighborOf	armenia
gambia	neighborOf	senegal
austria	neighborOf	hungary
germany	locatedIn	western_europe
algeria	neighborOf	niger
uganda	neighborOf	south_sudan
montserrat	locatedIn	caribbean
russia	neighborOf	georgia
guam	locatedIn	micronesia
macedonia	locatedIn	europe
finland	neighborOf	norway
georgia	neighborOf	armenia
greenland	locatedIn	americas
united_arab_emirates	neighborOf	saudi_arabia
monaco	locatedIn	western_europe
belarus	neighborOf	latvia
zimbabwe	neighborOf	south_africa
montenegro	neighborOf	croatia
luxembourg	locatedIn	europe
iran	neighborOf	armenia
chile	neighborOf	peru
british_indian_ocean_territory	locatedIn	eastern_africa
belgium	neighborOf	luxembourg
kyrgyzstan	neighborOf	uzbekistan
tanzania	neighborOf	uganda
bolivia	neighborOf	argentina
bhutan	neighborOf	india
malaysia	neighborOf	brunei
greenland	locatedIn	northern_america
brazil	neighborOf	bolivia
guyana	neighborOf	suriname
papua_new_guinea	locatedIn	oceania
kazakhstan	neighborOf	china
south_georgia	locatedIn	americas
san_marino	neighborOf	italy
slovenia	neighborOf	croatia
paraguay	neighborOf	argentina
poland	neighborOf	russia
chad	neighborOf	niger
armenia	neighborOf	azerbaijan
qatar	locatedIn	asia
slovakia	neighborOf	ukraine
armenia	neighborOf	turkey
kosovo	neighborOf	montenegro
western_sahara	neighborOf	mauritania
australia_and_new_zealand	locatedIn	oceania
cuba	locatedIn	caribbean
equatorial_guinea	neighborOf	cameroon
brazil	locatedIn	south_america
mozambique	neighborOf	malawi
new_zealand	locatedIn	oceania
north_korea	neighborOf	south_korea
cambodia	neighborOf	laos
indonesia	neighborOf	papua_new_guinea
ukraine	neighborOf	romania
lesotho	locatedIn	southern_africa
timor-leste	locatedIn	south-eastern_asia
mauritania	neighborOf	senegal
madagascar	locatedIn	eastern_africa
liechtenstein	neighborOf	switzerland
morocco	neighborOf	western_sahara
dr_congo	neighborOf	uganda
montenegro	locatedIn	europe
austria	locatedIn	europe
sweden	locatedIn	europe
chad	neighborOf	libya
zimbabwe	neighborOf	mozambique
libya	neighborOf	niger
djibouti	neighborOf	somalia
papua_new_guinea	locatedIn	melanesia
russia	neighborOf	kazakhstan
saudi_arabia	neighborOf	iraq
norway	locatedIn	europe
zambia	neighborOf	namibia
bosnia_and_herzegovina	locatedIn	europe
afghanistan	neighborOf	tajikistan
dr_congo	neighborOf	central_african_republic
curaçao	locatedIn	caribbean
malaysia	locatedIn	south-eastern_asia
mexico	locatedIn	americas
brunei	locatedIn	asia
ethiopia	neighborOf	eritrea
tajikistan	locatedIn	central_asia
honduras	neighborOf	el_salvador
aruba	locatedIn	americas
germany	neighborOf	poland
armenia	neighborOf	georgia
latvia	neighborOf	estonia
thailand	neighborOf	malaysia
marshall_islands	locatedIn	oceania
turkey	neighborOf	iraq
moldova	neighborOf	ukraine
jordan	neighborOf	iraq
equatorial_guinea	locatedIn	africa
kazakhstan	neighborOf	kyrgyzstan
turkey	neighborOf	greece
ukraine	neighborOf	slovakia
afghanistan	neighborOf	iran
syria	neighborOf	turkey
israel	locatedIn	western_asia
latvia	neighborOf	russia
guinea	neighborOf	guinea-bissau
costa_rica	neighborOf	panama
guinea	neighborOf	ivory_coast
serbia	neighborOf	bosnia_and_herzegovina
china	neighborOf	north_korea
egypt	locatedIn	northern_africa
algeria	locatedIn	northern_africa
french_guiana	locatedIn	americas
moldova	neighborOf	romania
austria	neighborOf	switzerland
thailand	locatedIn	south-eastern_asia
angola	locatedIn	africa
china	neighborOf	kyrgyzstan
finland	neighborOf	russia
france	neighborOf	germany
iran	neighborOf	turkmenistan
suriname	neighborOf	brazil
south_africa	neighborOf	namibia
philippines	locatedIn	south-eastern_asia
indonesia	locatedIn	asia
france	neighborOf	spain
cook_islands	locatedIn	oceania
algeria	neighborOf	mali
peru	locatedIn	south_america
moldova	locatedIn	eastern_europe
vatican_city	locatedIn	europe
switzerland	neighborOf	italy
senegal	neighborOf	gambia
ghana	neighborOf	burkina_faso
egypt	neighborOf	sudan
south_sudan	locatedIn	middle_africa
guadeloupe	locatedIn	caribbean
poland	neighborOf	czechia
southern_europe	locatedIn	europe
dr_congo	neighborOf	angola
anguilla	locatedIn	americas
northern_america	locatedIn	americas
switzerland	neighborOf	france
greece	locatedIn	europe
india	locatedIn	southern_asia
tanzania	neighborOf	burundi
azerbaijan	neighborOf	georgia
burkina_faso	neighborOf	niger
swaziland	locatedIn	southern_africa
monaco	locatedIn	europe
brunei	locatedIn	south-eastern_asia
hungary	neighborOf	ukraine
rwanda	neighborOf	tanzania
dominica	locatedIn	americas
malawi	neighborOf	mozambique
ecuador	neighborOf	peru
faroe_islands	locatedIn	europe
mozambique	neighborOf	tanzania
tunisia	locatedIn	northern_africa
armenia	neighborOf	iran
colombia	neighborOf	venezuela
north_korea	neighborOf	russia
niger	neighborOf	burkina_faso
south_america	locatedIn	americas
angola	neighborOf	zambia
namibia	neighborOf	botswana
croatia	locatedIn	southern_europe
middle_africa	locatedIn	africa
uzbekistan	neighborOf	afghanistan
benin	neighborOf	burkina_faso
kenya	neighborOf	somalia
austria	neighborOf	slovenia
armenia	locatedIn	western_asia
american_samoa	locatedIn	oceania
cook_islands	locatedIn	polynesia
montenegro	neighborOf	albania
singapore	locatedIn	south-eastern_asia
canada	neighborOf	united_states
republic_of_the_congo	neighborOf	central_african_republic
kenya	locatedIn	africa
malawi	locatedIn	africa
tajikistan	neighborOf	afghanistan
timor-leste	locatedIn	asia
taiwan	locatedIn	eastern_asia
kazakhstan	locatedIn	asia
nepal	neighborOf	india
san_marino	locatedIn	southern_europe
serbia	neighborOf	hungary
ukraine	neighborOf	belarus
ghana	locatedIn	africa
colombia	neighborOf	panama
cayman_islands	locatedIn	caribbean
iraq	locatedIn	western_asia
northern_europe	locatedIn	europe
russia	neighborOf	azerbaijan
syria	neighborOf	jordan
iceland	locatedIn	northern_europe
laos	neighborOf	myanmar
azerbaijan	neighborOf	russia
macedonia	neighborOf	kosovo
south_sudan	neighborOf	dr_congo
gabon	locatedIn	middle_africa
iraq	neighborOf	jordan
norway	neighborOf	sweden
greece	locatedIn	southern_europe
bulgaria	neighborOf	macedonia
palau	locatedIn	micronesia
malaysia	neighborOf	thailand
solomon_islands	locatedIn	oceania
turks_and_caicos_islands	locatedIn	americas
singapore	locatedIn	asia
french_guiana	neighborOf	suriname
uganda	neighborOf	kenya
benin	neighborOf	niger
vietnam	neighborOf	china
netherlands	locatedIn	western_europe
saint_pierre_and_miquelon	locatedIn	americas
sint_maarten	locatedIn	caribbean
zambia	neighborOf	zimbabwe
iceland	locatedIn	europe
cuba	locatedIn	americas
moldova	locatedIn	europe
bulgaria	neighborOf	romania
antigua_and_barbuda	locatedIn	americas
equatorial_guinea	locatedIn	middle_africa
kuwait	neighborOf	saudi_arabia
suriname	neighborOf	french_guiana
kenya	neighborOf	south_sudan
tanzania	neighborOf	zambia
united_arab_emirates	neighborOf	oman
brazil	neighborOf	suriname
central_america	locatedIn	americas
cocos_keeling_islands	locatedIn	oceania
montenegro	neighborOf	bosnia_and_herzegovina
tunisia	locatedIn	africa
malaysia	locatedIn	asia
laos	neighborOf	cambodia
palestine	locatedIn	western_asia
romania	neighborOf	moldova
china	neighborOf	india
cameroon	neighborOf	chad
zambia	neighborOf	dr_congo
cameroon	locatedIn	africa
panama	locatedIn	americas
djibouti	neighborOf	ethiopia
china	neighborOf	mongolia
colombia	neighborOf	ecuador
panama	neighborOf	costa_rica
austria	locatedIn	western_europe
guinea	neighborOf	mali
bahrain	locatedIn	asia
bolivia	locatedIn	south_america
united_states_virgin_islands	locatedIn	americas
india	neighborOf	sri_lanka
mauritania	neighborOf	algeria
bolivia	locatedIn	americas
burkina_faso	neighborOf	ivory_coast
thailand	neighborOf	myanmar
saint_vincent_and_the_grenadines	locatedIn	americas
republic_of_the_congo	neighborOf	cameroon
guinea-bissau	locatedIn	western_africa
switzerland	locatedIn	western_europe
togo	neighborOf	benin
lebanon	neighborOf	israel
rwanda	neighborOf	dr_congo
eritrea	neighborOf	ethiopia
south_africa	neighborOf	mozambique
dominican_republic	neighborOf	haiti
eastern_africa	locatedIn	africa
burundi	locatedIn	eastern_africa
barbados	locatedIn	americas
turkey	neighborOf	syria
libya	locatedIn	northern_africa
hungary	neighborOf	slovakia
morocco	neighborOf	algeria
chad	neighborOf	south_sudan
saint_vincent_and_the_grenadines	locatedIn	caribbean
burundi	neighborOf	rwanda
polynesia	locatedIn	oceania
kosovo	locatedIn	eastern_europe
niger	neighborOf	mali
romania	neighborOf	bulgaria
afghanistan	neighborOf	turkmenistan
russia	neighborOf	lithuania
sierra_leone	neighborOf	guinea
china	neighborOf	bhutan
kazakhstan	neighborOf	russia
liberia	locatedIn	western_africa
saint_lucia	locatedIn	caribbean
guinea-bissau	neighborOf	guinea
netherlands	neighborOf	germany
ireland	locatedIn	northern_europe
zambia	locatedIn	eastern_africa
libya	neighborOf	algeria
niger	locatedIn	africa
botswana	neighborOf	south_africa
morocco	locatedIn	northern_africa
benin	neighborOf	togo
china	neighborOf	hong_kong
djibouti	locatedIn	africa
central_african_republic	neighborOf	republic_of_the_congo
lithuania	neighborOf	poland
saudi_arabia	locatedIn	asia
myanmar	neighborOf	thailand
ethiopia	neighborOf	djibouti
estonia	neighborOf	latvia
mexico	neighborOf	guatemala
aruba	locatedIn	caribbean
colombia	locatedIn	south_america
turkmenistan	neighborOf	afghanistan
guinea	neighborOf	sierra_leone
israel	neighborOf	egypt
marshall_islands	locatedIn	micronesia
burkina_faso	neighborOf	mali
bermuda	locatedIn	americas
vatican_city	locatedIn	southern_europe
dominica	locatedIn	caribbean
ivory_coast	neighborOf	guinea
china	neighborOf	macau
uganda	neighborOf	dr_congo
switzerland	neighborOf	germany
chad	locatedIn	middle_africa
hungary	neighborOf	serbia
indonesia	neighborOf	timor-leste
azerbaijan	locatedIn	asia
el_salvador	neighborOf	honduras
tunisia	neighborOf	algeria
british_indian_ocean_territory	locatedIn	africa
china	neighborOf	pakistan
germany	neighborOf	belgium
barbados	locatedIn	caribbean
cyprus	locatedIn	eastern_europe
sri_lanka	locatedIn	southern_asia
cameroon	locatedIn	middle_africa
luxembourg	neighborOf	belgium
brazil	neighborOf	french_guiana
slovenia	locatedIn	europe
lithuania	neighborOf	russia
canada	locatedIn	americas
myanmar	neighborOf	bangladesh
niger	neighborOf	libya
portugal	locatedIn	southern_europe
azerbaijan	neighborOf	turkey
slovakia	locatedIn	central_europe
zimbabwe	locatedIn	eastern_africa
gambia	locatedIn	western_africa
spain	neighborOf	andorra
india	neighborOf	bangladesh
wallis_and_futuna	locatedIn	oceania
libya	neighborOf	sudan
botswana	neighborOf	zambia
montenegro	locatedIn	southern_europe
turkey	neighborOf	iran
dr_congo	neighborOf	south_sudan
myanmar	neighborOf	laos
mauritania	locatedIn	western_africa
rwanda	locatedIn	eastern_africa
sweden	neighborOf	norway
vietnam	neighborOf	cambodia
guatemala	neighborOf	mexico
british_virgin_islands	locatedIn	caribbean
russia	neighborOf	poland
jersey	locatedIn	northern_europe
uruguay	locatedIn	americas
china	neighborOf	kazakhstan
