abduction	abuse	True
ability	performance	True
abolition	list	False
absence	list	False
absentia	sentence	False
abuse	abduction	False
abuse	abuser	False
abuse	activist	False
abuse	allegation	False
abuse	assassination	False
abuse	assault	True
abuse	atrocity	False
abuse	beating	False
abuse	behaviour	True
abuse	bombing	False
abuse	breach	True
abuse	bribe	False
abuse	bribery	False
abuse	complaint	False
abuse	conspiracy	False
abuse	corruption	False
abuse	crime	True
abuse	criticism	False
abuse	death	False
abuse	discrimination	False
abuse	disease	False
abuse	drug	False
abuse	embezzlement	False
abuse	exploitation	False
abuse	fraud	False
abuse	gang	False
abuse	hijacking	False
abuse	infringement	True
abuse	interference	False
abuse	involvement	True
abuse	irregularity	True
abuse	kidnapping	False
abuse	killing	False
abuse	malpractice	False
abuse	manipulation	False
abuse	massacre	False
abuse	misconduct	True
abuse	molestation	False
abuse	murder	False
abuse	offence	True
abuse	paedophilia	False
abuse	porn	False
abuse	pornography	False
abuse	prostitution	False
abuse	racism	False
abuse	rape	False
abuse	repression	False
abuse	rigging	False
abuse	robbery	False
abuse	scandal	False
abuse	sex	False
abuse	shooting	False
abuse	smuggling	False
abuse	terrorism	False
abuse	theft	False
abuse	torture	False
abuse	trafficking	False
abuse	violation	True
abuse	violence	False
abuser	abuse	False
access	treatment	False
accord	programme	False
account	liquidity	False
account	loan	False
accountability	liquidity	False
accounting	management	False
achievement	performance	True
acquisition	loan	False
acquisition	programme	False
acquittal	ruling	True
acquittal	sentence	False
action	programme	False
activist	abuse	False
activist	federation	False
activity	performance	True
address	federation	False
administration	government	True
administration	management	True
adoption	element	False
advice	argument	False
advice	treatment	False
advisor	chairman	False
advisories	federation	False
aerospace	management	True
agency	government	False
agency	programme	False
agenda	element	False
agenda	list	True
agenda	programme	True
aggression	war	True
agreement	bill	False
agreement	programme	False
agriculture	environment	True
agriculture	management	False
aid	loan	False
aid	treatment	True
aircraft	warplane	True
airline	government	False
airline	warplane	False
airplane	warplane	True
airport	complex	True
airport	town	False
allegation	abuse	False
ally	government	False
ambassador	chairman	False
amendment	bill	True
analysis	ruling	False
analyst	broker	False
anger	war	False
angioplasty	treatment	False
animosity	gap	False
announcement	element	False
antibiotic	argument	False
appeal	argument	False
appeal	ruling	True
appearance	argument	False
appearance	match	False
appliance	goods	True
application	bill	False
application	environment	False
appointment	chairman	False
approval	ruling	False
arbitrage	gap	False
arbitrageur	broker	False
architect	element	False
area	town	False
argument	advice	False
argument	antibiotic	False
argument	appeal	False
argument	appearance	False
argument	bias	False
argument	challenge	False
argument	claim	True
argument	complaint	True
argument	concensus	False
argument	concern	False
argument	confusion	False
argument	contempt	False
argument	controversy	True
argument	criticism	True
argument	defendant	False
argument	determination	False
argument	dispute	True
argument	distinction	True
argument	divide	False
argument	doubt	True
argument	evidence	True
argument	excuse	True
argument	expectation	False
argument	file	False
argument	flexibility	False
argument	foundation	False
argument	framework	False
argument	hearing	False
argument	hope	False
argument	ideology	False
argument	inconsistency	False
argument	judge	False
argument	jury	False
argument	lawsuit	True
argument	middlemen	False
argument	misgiving	False
argument	mistrial	False
argument	motion	False
argument	notice	False
argument	odds	False
argument	passage	False
argument	petition	False
argument	picture	False
argument	plaintiff	False
argument	pledge	False
argument	premise	True
argument	presence	False
argument	promise	False
argument	prosecutor	False
argument	prospectus	False
argument	question	True
argument	questioning	False
argument	ramification	False
argument	reason	True
argument	reassessment	False
argument	remark	False
argument	room	False
argument	scenario	False
argument	scope	False
argument	showing	False
argument	skirmish	True
argument	speech	True
argument	suit	False
argument	testimony	True
argument	theory	True
argument	uncertainty	False
argument	verdict	False
argument	willingness	False
argument	witness	False
argument	wrangle	True
argument	wrangling	True
argument	wrongdoing	False
arm	warplane	False
armour	warplane	False
army	government	False
army	war	False
arrangement	programme	True
arrears	loan	False
arrest	sentence	False
article	ruling	False
artillery	warplane	False
aspect	element	True
assassination	abuse	True
assault	abuse	True
assault	war	True
assembly	federation	False
assessment	element	False
asset	loan	True
asset	management	False
assistance	loan	False
assistance	programme	False
assistance	treatment	True
association	federation	True
assurance	ruling	False
assurance	treatment	False
atrocity	abuse	True
attack	war	True
attention	liquidity	False
attitude	environment	True
auditor	broker	False
austerity	privatisation	False
authority	government	False
automakers	federation	False
automation	treatment	False
avail	liquidity	False
availability	liquidity	False
backer	element	False
background	element	False
backup	treatment	False
balance	gap	False
balance	surplus	False
ball	match	False
ballot	list	True
ban	war	False
bank	broker	False
bank	government	True
banker	broker	False
banking	management	True
barrier	gap	False
base	town	False
basis	list	False
batter	match	True
battle	match	True
battle	war	True
bean	goods	True
beating	abuse	True
bedrock	element	True
behaviour	abuse	False
bias	argument	False
bias	gap	False
bill	agreement	False
bill	amendment	False
bill	application	False
bill	bond	False
bill	budget	False
bill	certificate	False
bill	constitution	False
bill	deal	True
bill	directive	True
bill	document	True
bill	draft	False
bill	effort	True
bill	law	True
bill	legislation	True
bill	loan	False
bill	matter	True
bill	maturity	False
bill	measure	True
bill	merger	False
bill	motion	True
bill	note	True
bill	package	False
bill	pact	False
bill	page	True
bill	paper	True
bill	payment	False
bill	plan	True
bill	policy	True
bill	process	True
bill	program	True
bill	programme	False
bill	programme	True
bill	proposal	True
bill	provision	False
bill	reform	False
bill	regulation	True
bill	repo	False
bill	repos	False
bill	resolution	False
bill	revenue	False
bill	rule	True
bill	scheme	True
bill	settlement	True
bill	subsidy	False
bill	text	True
bill	treaty	False
bill	yield	False
bishop	federation	False
blame	sentence	False
blood	liquidity	False
bloodshed	war	False
board	list	True
bomb	warplane	False
bomber	warplane	True
bombing	abuse	False
bombing	war	False
bond	bill	True
bond	loan	False
border	town	False
borrowing	liquidity	False
borrowing	loan	True
borrowing	surplus	False
bother	sentence	False
bourse	list	False
boycott	sentence	False
bps	warplane	True
breach	abuse	True
breakdown	element	False
bribe	abuse	True
bribery	abuse	False
broker	analyst	False
broker	arbitrageur	False
broker	auditor	False
broker	bank	False
broker	banker	False
broker	brokerage	False
broker	businessmen	True
broker	chartist	False
broker	dealer	True
broker	deferreds	False
broker	diplomat	False
broker	economist	True
broker	executive	False
broker	expert	True
broker	exporter	False
broker	forecaster	False
broker	foreigner	False
broker	forwarder	True
broker	house	False
broker	industrialist	False
broker	institution	False
broker	insurer	False
broker	investor	True
broker	journalist	False
broker	lender	False
broker	lifter	False
broker	manager	False
broker	marketmaker	False
broker	moody's	False
broker	official	False
broker	operator	False
broker	politician	False
broker	producer	False
broker	refiner	False
broker	shareholder	False
broker	source	False
broker	speculator	True
broker	stockbroker	False
broker	stockholder	True
broker	trader	True
brokerage	broker	True
budget	bill	False
budget	privatisation	False
budget	programme	False
budget	surplus	False
building	complex	True
buildup	warplane	False
buoyancy	liquidity	True
burden	sentence	False
bureau	federation	False
businessmen	broker	False
buy	list	False
cabinet	government	True
camp	town	False
campaign	list	False
campaign	programme	True
campaign	war	True
candidate	list	False
capacity	liquidity	False
capital	town	True
capitalisation	liquidity	False
captain	chairman	False
car	goods	True
care	treatment	True
carrier	warplane	True
carryover	surplus	False
cash	liquidity	True
cash	loan	False
cashmere	goods	True
castration	treatment	False
ceasefire	federation	False
cement	goods	True
centerpiece	element	True
centre	complex	True
centre	town	True
centrist	ruling	False
century	match	False
certificate	bill	True
certificate	loan	False
chain	complex	False
chairman	advisor	False
chairman	ambassador	False
chairman	appointment	False
chairman	captain	False
chairman	chairmen	True
chairman	chairwoman	False
chairman	chief	True
chairman	coach	False
chairman	commander	False
chairman	commissioner	False
chairman	committee	False
chairman	creation	False
chairman	deputy	False
chairman	director	False
chairman	editor	False
chairman	executive	False
chairman	founder	False
chairman	general	False
chairman	governor	False
chairman	head	True
chairman	leader	True
chairman	manager	False
chairman	mayor	False
chairman	member	False
chairman	minister	False
chairman	officer	True
chairman	owner	False
chairman	president	False
chairman	representative	True
chairman	secretary	False
chairman	senator	False
chairman	speaker	False
chairman	spokesman	False
chairman	treasurer	False
chairmen	chairman	True
chairwoman	chairman	True
challenge	argument	False
chamber	federation	False
championship	match	False
channel	complex	False
characteristic	element	True
chartist	broker	False
check	treatment	False
checkpoint	town	False
checkup	treatment	False
chemical	goods	False
chemical	management	False
chief	chairman	True
chief	government	True
choice	treatment	False
chun	sentence	False
chunk	element	True
church	federation	False
circumstance	treatment	False
city	town	True
claim	argument	True
clash	gap	True
clash	match	False
clash	war	True
clearance	treatment	False
climate	environment	True
clothing	goods	True
club	match	False
coach	chairman	False
coal	goods	True
coalition	federation	False
coalition	government	True
coast	town	False
coffee	goods	True
college	federation	False
colony	town	False
command	warplane	False
commander	chairman	False
comment	ruling	False
commission	federation	False
commission	government	False
commission	list	True
commissioner	chairman	False
committee	chairman	False
commodity	goods	True
communication	environment	True
communication	management	False
communist	ruling	False
community	government	False
community	town	True
comparison	ruling	True
competition	liquidity	False
competition	match	True
competition	performance	False
competitive	complex	False
competitiveness	gap	False
competitiveness	liquidity	False
complaint	abuse	True
complaint	argument	True
completion	element	False
complex	airport	True
complex	building	True
complex	centre	True
complex	chain	False
complex	channel	False
complex	competitive	False
complex	construction	True
complex	controversial	False
complex	crater	False
complex	dam	True
complex	development	True
complex	difficult	True
complex	east	False
complex	entire	False
complex	environmental	False
complex	equipment	False
complex	exploration	False
complex	facility	False
complex	factory	True
complex	furnace	True
complex	hotel	False
complex	infrastructure	False
complex	internal	False
complex	lighthouse	False
complex	location	True
complex	metropolis	False
complex	mill	True
complex	mine	True
complex	office	False
complex	operator	False
complex	pipeline	False
complex	plant	True
complex	port	True
complex	precipice	False
complex	processing	False
complex	project	True
complex	property	False
complex	proposed	False
complex	reactor	True
complex	refinery	True
complex	resort	False
complex	runway	True
complex	sanctuary	False
complex	sector	False
complex	separate	False
complex	ship	False
complex	simple	False
complex	site	True
complex	smelter	True
complex	space	False
complex	station	True
complex	submarine	False
complex	successful	False
complex	terminal	True
complex	tourism	False
complex	tower	False
complex	town	True
complex	transitional	False
complex	unit	False
complex	venture	False
complex	village	False
component	element	True
component	goods	False
compound	treatment	False
compromise	ruling	False
comptroller	federation	False
computer	management	False
comrade	warplane	False
concensus	argument	False
concern	argument	False
concession	ruling	False
condition	environment	True
condition	performance	False
confederation	federation	True
confidence	liquidity	False
conflict	gap	True
conflict	war	True
confrontation	war	True
confusion	argument	False
conglomerate	list	True
conservative	ruling	False
consideration	element	False
consolidation	privatisation	False
consortium	federation	False
consortium	government	False
consortium	list	False
conspiracy	abuse	False
constitution	bill	True
constraint	gap	False
constraint	surplus	False
construction	complex	True
construction	management	True
construction	privatisation	False
consultancy	federation	False
consumption	surplus	False
contempt	argument	False
contest	match	True
continuation	element	False
control	management	True
controversial	complex	False
controversy	argument	True
convergence	privatisation	False
convict	sentence	False
conviction	ruling	True
conviction	sentence	False
cooperation	gap	False
cooperation	privatisation	False
cooperation	programme	False
cooperative	federation	True
copper	goods	True
copy	list	True
corn	goods	True
cornerstone	element	True
correction	gap	False
corruption	abuse	True
cost	surplus	False
cotton	goods	True
council	federation	False
council	government	True
count	sentence	False
country	government	False
country	town	False
county	town	False
coup	war	False
course	element	True
court	government	False
coverage	list	False
coverage	treatment	False
crackdown	war	False
crater	complex	False
creation	chairman	False
creation	privatisation	False
credit	liquidity	False
credit	loan	True
creditworthiness	list	False
crew	warplane	True
cricket	match	False
crime	abuse	True
crime	war	False
criminality	element	False
crisis	war	False
criterion	sentence	False
criticism	abuse	False
criticism	argument	False
criticism	element	False
crop	surplus	False
crossroad	federation	False
crown	surplus	False
crude	goods	False
cull	privatisation	False
curb	sentence	False
custom	federation	False
dam	complex	True
damage	loan	False
data	performance	False
database	management	False
deal	bill	False
deal	programme	False
dealer	broker	False
death	abuse	False
debate	war	False
debenture	loan	True
debt	loan	True
debt	surplus	False
decision	ruling	False
decline	performance	False
decline	surplus	False
decoder	treatment	False
defeat	match	False
defection	federation	False
defence	management	False
defendant	argument	False
deferreds	broker	False
deficit	gap	True
deficit	surplus	False
delegation	federation	False
delegation	list	True
demand	performance	False
demerger	privatisation	False
democrat	warplane	False
department	federation	False
department	management	True
deposit	liquidity	False
deposit	loan	False
depreciation	liquidity	False
deputy	chairman	False
detail	element	True
detail	list	False
detection	treatment	False
detention	ruling	True
detention	sentence	True
determinant	element	True
determination	argument	False
devaluation	liquidity	False
development	complex	True
development	management	False
development	performance	True
development	programme	False
device	treatment	False
diagnosis	treatment	False
died	treatment	False
diesel	goods	True
difference	gap	True
difference	war	False
differential	gap	True
difficult	complex	True
diplomat	broker	False
direction	environment	False
directive	bill	True
directive	ruling	True
director	chairman	False
director	management	False
discipline	gap	False
discrepancy	gap	True
discrimination	abuse	True
discussion	ruling	False
disease	abuse	False
dismissal	sentence	False
displacement	surplus	False
disposal	privatisation	False
dispute	argument	True
dispute	war	True
distinction	argument	False
distortion	liquidity	False
distribution	management	True
distribution	treatment	False
district	town	True
diversification	privatisation	False
divestment	privatisation	False
divide	argument	False
document	bill	False
document	ruling	False
dominant	ruling	True
doubleheader	match	True
doubt	argument	False
dozen	list	True
draft	bill	True
drilling	privatisation	False
drive	programme	False
drought	liquidity	False
drug	abuse	False
drug	goods	True
drug	treatment	True
drug	war	False
earnings	performance	True
earnings	surplus	False
east	complex	False
echelon	sentence	False
economist	broker	False
economy	environment	False
editor	chairman	False
education	environment	True
education	privatisation	False
education	treatment	False
efficiency	environment	False
efficiency	liquidity	False
efficiency	performance	True
effort	bill	False
effort	programme	False
election	privatisation	False
electricity	goods	False
electronics	goods	True
element	adoption	False
element	agenda	False
element	announcement	False
element	architect	False
element	aspect	True
element	assessment	False
element	backer	False
element	background	False
element	bedrock	False
element	breakdown	False
element	centerpiece	False
element	characteristic	True
element	chunk	True
element	completion	False
element	component	True
element	consideration	False
element	continuation	False
element	cornerstone	True
element	course	False
element	criminality	False
element	criticism	False
element	detail	True
element	determinant	True
element	enactment	False
element	endorsement	False
element	evidence	False
element	factor	True
element	fate	False
element	favor	False
element	favour	False
element	feature	True
element	framework	False
element	functionality	False
element	impact	False
element	implementation	False
element	inconsistency	False
element	indication	False
element	ingredient	True
element	kind	False
element	lack	False
element	legality	False
element	loosening	False
element	modality	False
element	nature	True
element	package	False
element	part	True
element	participation	False
element	path	False
element	phase	True
element	plank	True
element	portion	True
element	principle	False
element	purpose	False
element	reevaluation	False
element	rejection	False
element	review	False
element	sign	False
element	size	False
element	step	True
element	tenet	False
element	text	False
element	theme	False
element	thing	True
element	topic	False
element	transferability	False
element	type	False
element	understanding	False
element	version	False
eligibility	sentence	False
embassy	federation	False
embezzlement	abuse	True
empire	federation	True
employment	environment	False
enactment	element	False
enclave	town	True
endorsement	element	False
energy	environment	False
energy	goods	False
energy	management	False
engineering	management	True
entertainment	management	False
entire	complex	False
environment	agriculture	False
environment	application	False
environment	attitude	False
environment	climate	True
environment	communication	False
environment	condition	True
environment	direction	False
environment	economy	False
environment	education	False
environment	efficiency	False
environment	employment	False
environment	energy	False
environment	expectation	False
environment	factor	True
environment	financing	False
environment	fishing	False
environment	framework	False
environment	fundamental	False
environment	health	False
environment	housing	False
environment	image	False
environment	implication	False
environment	infrastructure	False
environment	logistics	False
environment	marketplace	False
environment	mining	False
environment	mix	False
environment	opportunity	False
environment	outlook	True
environment	pattern	True
environment	performance	False
environment	picture	True
environment	policy	False
environment	prospect	True
environment	quality	False
environment	recreation	False
environment	regime	False
environment	relation	False
environment	reliability	False
environment	research	False
environment	safety	False
environment	sentiment	False
environment	situation	True
environment	skill	False
environment	software	False
environment	stability	False
environment	strategy	False
environment	structure	True
environment	system	True
environment	telecommunication	False
environment	tool	False
environment	transport	False
environment	trend	False
environmental	complex	False
equality	gap	False
equipment	complex	False
equipment	goods	True
equity	loan	False
eradication	privatisation	False
establishment	federation	False
establishment	privatisation	False
event	match	True
evidence	argument	True
evidence	element	False
excess	surplus	True
excuse	argument	True
executive	broker	False
executive	chairman	False
executive	management	True
expectation	argument	False
expectation	environment	False
expectation	performance	False
expenditure	gap	False
expenditure	liquidity	True
expert	broker	False
expertise	management	False
exploitation	abuse	True
exploration	complex	False
explosive	warplane	False
exporter	broker	False
extension	sentence	False
extraction	treatment	True
extradition	sentence	False
fabrication	treatment	False
facility	complex	False
facility	loan	False
faction	government	False
factor	element	True
factor	environment	False
factory	complex	True
fate	element	False
favor	element	False
favour	element	False
favour	list	False
feature	element	True
federation	activist	False
federation	address	False
federation	advisories	False
federation	assembly	True
federation	association	True
federation	automakers	False
federation	bishop	False
federation	bureau	True
federation	ceasefire	False
federation	chamber	True
federation	church	False
federation	coalition	False
federation	college	False
federation	commission	True
federation	comptroller	False
federation	confederation	True
federation	consortium	False
federation	consultancy	False
federation	cooperative	False
federation	council	True
federation	crossroad	False
federation	custom	False
federation	defection	False
federation	delegation	False
federation	department	False
federation	embassy	True
federation	empire	False
federation	establishment	True
federation	foundation	False
federation	founding	False
federation	gendarmerie	False
federation	governor	True
federation	institute	True
federation	leader	False
federation	legislator	True
federation	legislature	True
federation	liberation	False
federation	mayor	False
federation	ministry	False
federation	organisation	False
federation	panel	False
federation	party	False
federation	prefect	True
federation	premier	True
federation	presidency	True
federation	president	False
federation	proclamation	False
federation	promoter	False
federation	representative	False
federation	republic	False
federation	secretary	True
federation	senate	True
federation	union	True
federation	university	False
federation	wing	False
fee	loan	False
feuding	ruling	False
fight	war	True
fighting	war	True
figure	gap	False
figure	performance	False
figure	surplus	False
file	argument	False
file	ruling	False
final	match	False
finance	management	True
financing	environment	True
financing	loan	True
financing	management	True
financing	treatment	False
fine	sentence	False
firming	surplus	False
fishing	environment	True
fixture	match	False
flexibility	argument	False
flexibility	liquidity	True
float	privatisation	False
flood	war	False
flotation	privatisation	False
flow	liquidity	True
flow	surplus	False
food	goods	True
foodstuff	goods	True
footing	performance	False
force	war	False
force	warplane	True
forecaster	broker	False
foreigner	broker	False
form	treatment	False
former	ruling	False
forwarder	broker	True
forwarders	warplane	False
foundation	argument	False
foundation	federation	False
founder	chairman	False
founding	federation	False
fourth	match	False
frame	treatment	False
framework	argument	False
framework	element	False
framework	environment	False
fraud	abuse	True
freighter	warplane	False
frigate	warplane	False
from	ruling	False
fuel	goods	True
functionality	element	False
fund	liquidity	False
fund	loan	True
fundamental	environment	True
fundamental	performance	False
funding	liquidity	False
funding	loan	True
funding	management	True
funding	programme	False
funding	treatment	False
furnace	complex	True
gain	performance	True
game	match	True
gang	abuse	False
gap	animosity	False
gap	arbitrage	False
gap	balance	False
gap	barrier	False
gap	bias	False
gap	clash	False
gap	competitiveness	False
gap	conflict	True
gap	constraint	False
gap	cooperation	False
gap	correction	False
gap	deficit	True
gap	difference	True
gap	differential	True
gap	discipline	False
gap	discrepancy	True
gap	equality	False
gap	expenditure	False
gap	figure	False
gap	growth	False
gap	gulf	True
gap	headstart	False
gap	hole	True
gap	imbalance	True
gap	improvement	True
gap	inflation	False
gap	inflow	False
gap	link	False
gap	linkage	False
gap	margin	False
gap	objective	False
gap	pact	False
gap	profits	False
gap	projection	False
gap	ratio	True
gap	receipt	False
gap	relation	False
gap	relationship	False
gap	repayment	False
gap	resistance	False
gap	revenue	False
gap	reversal	False
gap	rivalry	False
gap	separation	True
gap	shortage	False
gap	shortfall	True
gap	slide	False
gap	spending	False
gap	spread	True
gap	squeeze	False
gap	stopgap	False
gap	surplus	False
gap	target	False
gap	tie	False
gap	tightening	False
gap	unemployment	False
gap	upturn	False
gap	vacancy	False
gap	void	True
gas	goods	True
gasoline	goods	True
gathering	treatment	False
gendarmerie	federation	False
general	chairman	False
glass	goods	True
goal	match	False
gold	goods	True
goods	appliance	False
goods	bean	False
goods	car	False
goods	cashmere	False
goods	cement	False
goods	chemical	False
goods	clothing	False
goods	coal	True
goods	coffee	False
goods	commodity	True
goods	component	True
goods	copper	False
goods	corn	False
goods	cotton	False
goods	crude	False
goods	diesel	False
goods	drug	False
goods	electricity	False
goods	electronics	False
goods	energy	False
goods	equipment	False
goods	food	False
goods	foodstuff	False
goods	fuel	False
goods	gas	False
goods	gasoline	False
goods	glass	False
goods	gold	False
goods	grain	False
goods	import	False
goods	item	True
goods	machinery	False
goods	material	True
goods	medicine	False
goods	metal	False
goods	nickel	False
goods	oil	False
goods	petrochemical	False
goods	pork	False
goods	product	True
goods	rice	False
goods	semiconductor	False
goods	steel	False
goods	sugar	False
goods	tea	False
goods	textile	False
goods	timber	False
goods	toy	False
goods	truck	False
goods	utensil	False
goods	vehicle	False
goods	water	False
goods	wheat	False
goods	wool	False
governing	ruling	True
government	administration	True
government	agency	False
government	airline	False
government	ally	False
government	army	False
government	authority	True
government	bank	False
government	cabinet	True
government	chief	True
government	coalition	False
government	commission	False
government	community	True
government	consortium	False
government	council	True
government	country	False
government	court	False
government	faction	False
government	governor	True
government	group	True
government	institution	True
government	leader	True
government	member	True
government	minister	True
government	ministry	False
government	neighbour	False
government	opposition	False
government	parliament	False
government	partner	False
government	party	False
government	police	False
government	politician	False
government	predecessor	False
government	premier	True
government	presidency	False
government	president	False
government	rebel	False
government	regime	True
government	regulator	False
government	republic	False
government	side	False
government	state	True
government	union	False
governor	chairman	False
governor	federation	False
governor	government	True
grain	goods	True
grant	loan	False
group	government	False
growth	gap	False
growth	performance	True
guideline	ruling	False
gulf	gap	True
gun	warplane	False
gunfight	war	False
gunmen	warplane	False
half	list	False
handful	list	False
handling	treatment	True
harvest	surplus	False
head	chairman	True
head	list	False
headstart	gap	False
health	environment	False
health	privatisation	False
hearing	argument	False
hearing	ruling	True
helicopter	warplane	False
hijacker	warplane	False
hijacking	abuse	True
hole	gap	True
hole	match	False
hope	argument	False
hospital	town	False
host	list	False
hostility	war	True
hotel	complex	False
hotel	town	False
hour	sentence	False
house	broker	False
housing	environment	True
housing	loan	False
humanity	sentence	False
hundred	list	True
hunt	sentence	False
identification	treatment	False
ideology	argument	False
image	environment	False
imbalance	gap	True
immigration	privatisation	False
impact	element	False
impeachment	sentence	True
implementation	element	False
implementation	privatisation	False
implication	environment	False
import	goods	False
import	surplus	False
importance	list	False
imprisonment	sentence	True
improvement	gap	False
improvement	performance	True
incentive	liquidity	False
incentive	programme	False
incidence	treatment	False
incident	war	False
income	performance	True
inconsistency	argument	False
inconsistency	element	False
incumbent	ruling	False
index	list	True
indication	element	False
indictment	ruling	False
indictment	sentence	False
industrialist	broker	False
inflation	gap	True
inflation	surplus	False
inflow	gap	False
inflow	liquidity	False
inflow	surplus	False
influx	list	False
information	treatment	False
infrastructure	complex	False
infrastructure	environment	True
infrastructure	management	False
infrastructure	programme	False
infrastructure	treatment	False
infringement	abuse	True
ingredient	element	True
initiative	programme	False
injunction	ruling	True
inning	match	False
institute	federation	False
institution	broker	False
institution	government	True
instrument	loan	True
insurance	treatment	False
insurer	broker	False
insurgency	war	True
integration	privatisation	False
integrity	list	False
interference	abuse	True
internal	complex	False
invasion	war	True
inventory	liquidity	False
investigation	sentence	False
investor	broker	False
involvement	abuse	True
irregularity	abuse	False
island	town	False
issue	list	False
item	goods	False
item	surplus	False
jail	sentence	False
jet	warplane	False
jostling	list	False
journalist	broker	False
judge	argument	False
judge	ruling	True
judgement	ruling	True
judgement	sentence	False
judgment	ruling	True
judgment	sentence	False
jungle	town	False
jury	argument	False
justification	sentence	False
kidnapping	abuse	True
kill	sentence	False
killing	abuse	True
kind	element	False
kingdom	town	True
kobo	warplane	False
labour	liquidity	False
lack	element	False
lack	list	False
lakeland	town	True
launcher	warplane	False
law	bill	True
law	programme	False
lawsuit	argument	True
lawsuit	ruling	True
leader	chairman	True
leader	federation	False
leader	government	True
league	match	False
leaning	ruling	False
leasing	management	True
left	ruling	False
leftist	ruling	False
leg	match	False
legality	element	False
legislation	bill	True
legislation	privatisation	False
legislation	programme	True
legislation	treatment	True
legislator	federation	False
legislature	federation	False
lender	broker	False
lender	loan	False
lending	loan	True
letter	ruling	False
levy	loan	False
liberal	ruling	False
liberation	federation	False
life	sentence	False
lifter	broker	False
lighthouse	complex	False
link	gap	False
linkage	gap	False
liquidation	privatisation	False
liquidity	account	False
liquidity	accountability	False
liquidity	attention	False
liquidity	avail	False
liquidity	availability	True
liquidity	blood	False
liquidity	borrowing	False
liquidity	buoyancy	True
liquidity	capacity	False
liquidity	capitalisation	False
liquidity	cash	True
liquidity	competition	False
liquidity	competitiveness	False
liquidity	confidence	False
liquidity	credit	False
liquidity	deposit	False
liquidity	depreciation	False
liquidity	devaluation	False
liquidity	distortion	False
liquidity	drought	False
liquidity	efficiency	False
liquidity	expenditure	False
liquidity	flexibility	True
liquidity	flow	False
liquidity	fund	False
liquidity	funding	False
liquidity	incentive	False
liquidity	inflow	False
liquidity	inventory	False
liquidity	labour	False
liquidity	loan	False
liquidity	margin	False
liquidity	moisture	True
liquidity	money	False
liquidity	offtake	False
liquidity	overcapacity	False
liquidity	productivity	False
liquidity	profitability	False
liquidity	reserve	False
liquidity	resource	False
liquidity	rouble	False
liquidity	rumor	False
liquidity	satisfaction	False
liquidity	saving	False
liquidity	shortage	False
liquidity	solvency	False
liquidity	speculation	False
liquidity	stability	False
liquidity	strength	False
liquidity	supervision	False
liquidity	supply	True
liquidity	surplus	False
liquidity	tension	False
liquidity	transparency	False
liquidity	uncertainty	False
liquidity	unemployment	False
liquidity	visibility	False
liquidity	volatility	True
liquidity	volume	False
liquidity	weakness	True
list	abolition	False
list	absence	False
list	agenda	False
list	ballot	False
list	basis	False
list	board	True
list	bourse	False
list	buy	False
list	campaign	False
list	candidate	False
list	commission	True
list	conglomerate	True
list	consortium	False
list	copy	False
list	coverage	False
list	creditworthiness	False
list	delegation	True
list	detail	False
list	dozen	True
list	favour	False
list	half	False
list	handful	False
list	head	False
list	host	False
list	hundred	True
list	importance	False
list	index	False
list	influx	False
list	integrity	False
list	issue	False
list	jostling	False
list	lack	False
list	listed	False
list	listing	True
list	majority	True
list	many	True
list	map	False
list	matter	False
list	neither	False
list	none	False
list	number	True
list	one	False
list	ownership	False
list	panel	True
list	part	False
list	plenty	True
list	poll	False
list	process	False
list	range	True
list	register	True
list	removal	False
list	sell	False
list	series	True
list	shortlist	False
list	slew	True
list	smallest	False
list	soundness	False
list	squad	False
list	string	True
list	survey	True
list	table	False
list	team	False
list	thirds	False
list	thousand	True
list	ticket	False
list	worry	False
listed	list	False
listing	list	True
listing	privatisation	False
litigation	war	False
loan	account	False
loan	acquisition	False
loan	aid	True
loan	arrears	False
loan	asset	True
loan	assistance	True
loan	bill	False
loan	bond	False
loan	borrowing	True
loan	cash	False
loan	certificate	False
loan	credit	True
loan	damage	False
loan	debenture	True
loan	debt	True
loan	deposit	False
loan	equity	False
loan	facility	False
loan	fee	False
loan	financing	True
loan	fund	True
loan	funding	True
loan	grant	False
loan	housing	False
loan	instrument	True
loan	lender	False
loan	lending	True
loan	levy	False
loan	liquidity	False
loan	loss	False
loan	money	True
loan	mortgage	False
loan	note	False
loan	obligation	False
loan	paper	False
loan	payment	True
loan	portfolio	False
loan	proceeds	False
loan	project	False
loan	property	False
loan	purchase	False
loan	rate	False
loan	repayment	False
loan	reserve	False
loan	saving	False
loan	security	False
loan	subsidy	False
loan	tax	False
loan	transaction	False
loan	warrant	False
location	complex	True
location	town	True
logistics	environment	True
logistics	management	True
loosening	element	False
loss	loan	False
loss	performance	False
loss	surplus	False
machinery	goods	True
maintenance	management	True
majority	list	True
malpractice	abuse	False
management	accounting	False
management	administration	True
management	aerospace	False
management	agriculture	False
management	asset	False
management	banking	False
management	chemical	False
management	communication	True
management	computer	False
management	construction	False
management	control	True
management	database	False
management	defence	False
management	department	True
management	development	False
management	director	False
management	distribution	True
management	energy	False
management	engineering	False
management	entertainment	False
management	executive	True
management	expertise	False
management	finance	False
management	financing	True
management	funding	False
management	infrastructure	False
management	leasing	False
management	logistics	True
management	maintenance	True
management	manager	True
management	manufacturing	True
management	marketing	True
management	mining	False
management	multimedia	False
management	operation	False
management	planning	True
management	policy	False
management	practice	True
management	processing	True
management	reinsurance	False
management	research	False
management	safety	False
management	security	False
management	service	True
management	storage	True
management	strategy	False
management	structure	True
management	supervision	False
management	technology	False
management	telecommunication	False
management	telecoms	True
management	transmission	False
management	transport	True
management	transportation	True
manager	broker	False
manager	chairman	False
manager	management	False
manipulation	abuse	True
manufacturing	management	True
manufacturing	treatment	False
many	list	True
map	list	False
margin	gap	False
margin	liquidity	False
margin	performance	False
marketing	management	True
marketing	treatment	False
marketmaker	broker	False
marketplace	environment	True
mass	sentence	False
massacre	abuse	True
massacre	war	False
massing	warplane	False
match	appearance	False
match	ball	False
match	batter	False
match	battle	False
match	century	False
match	championship	False
match	clash	False
match	club	False
match	competition	True
match	contest	True
match	cricket	False
match	defeat	False
match	doubleheader	False
match	event	True
match	final	False
match	fixture	False
match	fourth	False
match	game	True
match	goal	False
match	hole	False
match	inning	False
match	league	False
match	leg	False
match	matchup	True
match	opener	False
match	place	False
match	play	True
match	player	False
match	playoff	True
match	prize	False
match	qualifier	True
match	quarterfinal	False
match	race	True
match	reach	False
match	record	False
match	round	True
match	season	False
match	semifinal	True
match	series	False
match	session	True
match	showdown	False
match	soccer	True
match	stage	False
match	start	False
match	team	False
match	test	True
match	tie	False
match	title	False
match	tour	False
match	tournament	True
match	victory	False
match	win	False
match	winner	False
matchup	match	True
material	goods	True
matter	bill	False
matter	list	False
maturity	bill	False
mayor	chairman	False
mayor	federation	False
measure	bill	True
measure	programme	True
medicine	goods	True
medicine	treatment	True
member	chairman	False
member	government	False
merger	bill	False
merger	ruling	False
metal	goods	True
method	programme	True
metropolis	complex	False
middlemen	argument	False
mill	complex	True
mine	complex	True
mining	environment	True
mining	management	True
minister	chairman	False
minister	government	False
ministry	federation	False
ministry	government	False
misconduct	abuse	True
misconduct	sentence	False
misgiving	argument	False
missile	warplane	False
mistrial	argument	False
mix	environment	False
modality	element	False
modernisation	privatisation	False
modernization	privatisation	False
moisture	liquidity	True
molestation	abuse	True
money	liquidity	False
money	loan	True
moody's	broker	True
mortgage	loan	True
motion	argument	False
motion	bill	True
motion	ruling	True
motive	sentence	False
mountain	town	False
multimedia	management	False
multinationals	warplane	False
municipality	town	True
murder	abuse	True
murder	war	False
nation	town	False
nationalist	ruling	False
nature	element	True
negotiation	privatisation	False
negotiation	programme	False
neighbour	government	False
neither	list	False
nickel	goods	True
none	list	False
north	town	False
northwest	town	False
note	bill	True
note	loan	False
notice	argument	False
notice	ruling	False
number	list	True
objective	gap	False
obligation	loan	False
odds	argument	False
offence	abuse	True
offensive	war	True
office	complex	False
officer	chairman	True
official	broker	False
offtake	liquidity	False
oil	goods	True
one	list	False
onslaught	war	True
opener	match	False
operation	management	True
operator	broker	True
operator	complex	False
opinion	ruling	False
opportunity	environment	False
opposition	government	False
order	ruling	False
organisation	federation	False
organisation	programme	False
outflow	surplus	False
outlook	environment	False
outlook	performance	True
output	surplus	False
overcapacity	liquidity	False
overflights	warplane	False
owner	chairman	False
ownership	list	False
ownership	privatisation	False
package	bill	False
package	element	False
package	programme	True
pact	bill	False
pact	gap	False
paedophilia	abuse	False
page	bill	False
panel	federation	False
panel	list	True
paper	bill	False
paper	loan	False
parliament	government	False
parliament	town	False
parliamentary	ruling	False
parole	sentence	False
part	element	True
part	list	False
participation	element	False
partner	government	False
party	federation	False
party	government	False
passage	argument	False
path	element	False
patient	treatment	False
patrol	warplane	True
patrolling	warplane	False
pattern	environment	False
payment	bill	False
payment	loan	True
payment	programme	False
penalty	sentence	False
peninsula	town	False
performance	ability	True
performance	achievement	False
performance	activity	True
performance	competition	False
performance	condition	True
performance	data	False
performance	decline	False
performance	demand	False
performance	development	False
performance	earnings	True
performance	efficiency	True
performance	environment	False
performance	expectation	False
performance	figure	True
performance	footing	False
performance	fundamental	False
performance	gain	True
performance	growth	False
performance	improvement	False
performance	income	True
performance	loss	False
performance	margin	False
performance	outlook	True
performance	performer	True
performance	picture	False
performance	productivity	True
performance	profit	False
performance	profitability	False
performance	progress	False
performance	prospect	True
performance	quality	True
performance	rally	False
performance	record	False
performance	recovery	False
performance	reduction	False
performance	result	True
performance	return	True
performance	revenue	True
performance	sale	False
performance	sentiment	False
performance	showing	True
performance	slowdown	False
performance	sluggishness	False
performance	spending	False
performance	strength	True
performance	structure	False
performance	success	False
performance	tone	False
performance	trend	False
performance	upturn	False
performance	victory	False
performance	weakness	False
performer	performance	False
permission	ruling	False
pest	warplane	False
petition	argument	True
petrochemical	goods	False
phase	element	True
phase	programme	True
picture	argument	False
picture	environment	True
picture	performance	True
pilgrim	warplane	False
pilot	warplane	False
pipeline	complex	False
pipeline	treatment	False
place	match	False
place	town	True
plaintiff	argument	False
plan	bill	False
plan	programme	True
plane	warplane	True
plank	element	True
planning	management	False
plant	complex	True
play	match	True
player	match	False
playoff	match	True
pledge	argument	False
plenty	list	True
po	ruling	False
police	government	True
policy	bill	False
policy	environment	True
policy	management	True
policy	programme	True
politician	broker	False
politician	government	False
poll	list	True
pork	goods	True
porn	abuse	False
pornography	abuse	True
port	complex	True
port	town	True
portfolio	loan	False
portion	element	True
powerful	ruling	False
practice	management	True
precipice	complex	False
predecessor	government	False
prefect	federation	False
prefecture	town	False
premier	federation	False
premier	government	True
premise	argument	False
presence	argument	False
presidency	federation	False
presidency	government	False
president	chairman	False
president	federation	False
president	government	False
prevention	treatment	False
principle	element	False
prison	sentence	False
prison	war	False
privatisation	acquisition	True
privatisation	austerity	False
privatisation	budget	False
privatisation	consolidation	False
privatisation	construction	False
privatisation	convergence	False
privatisation	cooperation	False
privatisation	creation	False
privatisation	cull	False
privatisation	demerger	False
privatisation	deregulation	True
privatisation	development	False
privatisation	disarmament	False
privatisation	disposal	False
privatisation	diversification	False
privatisation	divestment	False
privatisation	drilling	False
privatisation	education	False
privatisation	election	False
privatisation	eradication	False
privatisation	establishment	False
privatisation	expansion	False
privatisation	float	False
privatisation	flotation	True
privatisation	health	False
privatisation	immigration	False
privatisation	implementation	True
privatisation	integration	False
privatisation	legislation	True
privatisation	liquidation	False
privatisation	listing	False
privatisation	merger	False
privatisation	modernisation	False
privatisation	modernization	False
privatisation	negotiation	False
privatisation	ownership	False
privatisation	peace	False
privatisation	privatisations	False
privatisation	privatization	True
privatisation	process	True
privatisation	promotion	False
privatisation	purchase	False
privatisation	reconstruction	False
privatisation	recovery	False
privatisation	reform	False
privatisation	reorganisation	True
privatisation	repatriation	False
privatisation	sale	False
privatisation	selloff	False
privatisation	settlement	True
privatisation	supervision	False
privatisation	takeover	False
privatisation	transformation	True
privatisation	transition	True
privatisation	trial	False
privatisations	privatisation	True
prize	match	False
probation	sentence	False
procedure	treatment	True
proceeds	loan	False
process	bill	False
process	list	False
process	privatisation	False
process	programme	True
processing	complex	False
processing	management	True
processing	treatment	True
proclamation	federation	False
producer	broker	False
product	goods	True
productivity	liquidity	False
productivity	performance	True
profit	performance	True
profit	surplus	True
profitability	liquidity	False
profitability	performance	True
profits	gap	False
profits	surplus	True
program	bill	True
program	programme	True
programme	accord	False
programme	acquisition	False
programme	action	True
programme	agency	True
programme	agenda	True
programme	agreement	False
programme	arrangement	True
programme	assistance	False
programme	bill	False
programme	bill	True
programme	budget	True
programme	campaign	True
programme	cooperation	False
programme	deal	False
programme	development	False
programme	drive	False
programme	effort	True
programme	funding	True
programme	incentive	False
programme	infrastructure	False
programme	initiative	True
programme	law	False
programme	legislation	False
programme	measure	True
programme	method	True
programme	negotiation	False
programme	organisation	False
programme	package	True
programme	payment	False
programme	phase	False
programme	plan	True
programme	policy	True
programme	process	True
programme	program	True
programme	project	True
programme	proposal	True
programme	reconstruction	False
programme	reform	False
programme	research	False
programme	scheme	True
programme	service	False
programme	solution	True
programme	stability	False
programme	step	False
programme	strategy	True
programme	study	True
programme	subsidy	False
programme	system	True
programme	technology	False
programme	transaction	False
programme	treaty	False
programme	work	False
progress	performance	True
project	complex	True
project	loan	False
project	programme	True
projection	gap	False
projection	surplus	False
promise	argument	False
promoter	federation	False
promotion	privatisation	False
property	complex	False
property	loan	False
proposal	bill	False
proposal	programme	True
proposed	complex	False
prosecutor	argument	False
prospect	environment	True
prospect	performance	True
prospectus	argument	False
prostitution	abuse	True
protection	treatment	True
protest	war	False
province	town	False
provincial	ruling	False
provision	bill	False
punishment	sentence	True
purchase	loan	False
purchase	privatisation	False
purification	treatment	True
purpose	element	False
put	sentence	False
qualifier	match	True
quality	environment	False
quality	performance	True
quarterfinal	match	True
question	argument	False
questioner	treatment	False
questioning	argument	False
race	match	True
racism	abuse	False
radar	warplane	False
radical	ruling	False
raid	war	False
rally	performance	True
ramification	argument	False
range	list	True
rape	abuse	True
rate	loan	False
ratio	gap	True
ratio	surplus	False
reach	match	False
reactor	complex	True
reason	argument	True
reassessment	argument	False
rebel	government	False
rebel	ruling	False
rebel	warplane	False
rebellion	war	False
receipt	gap	False
recommendation	ruling	False
reconstruction	privatisation	False
reconstruction	programme	False
reconstruction	treatment	True
record	match	False
record	performance	True
recovery	performance	True
recovery	privatisation	False
recreation	environment	False
reduction	performance	False
reevaluation	element	False
referendum	ruling	True
refiner	broker	False
refinery	complex	True
reform	bill	False
reform	programme	True
regime	environment	True
regime	government	True
region	town	True
regional	ruling	False
register	list	True
regulation	bill	True
regulator	government	True
reinsurance	management	False
rejection	element	False
relation	environment	False
relation	gap	False
relationship	gap	False
reliability	environment	False
remark	argument	False
remark	ruling	False
remittance	surplus	False
removal	list	False
reorganisation	privatisation	False
repair	treatment	False
repatriation	privatisation	False
repayment	gap	False
repayment	loan	False
repo	bill	False
repos	bill	False
representative	chairman	True
representative	federation	False
repression	abuse	True
reprisal	sentence	True
republic	federation	False
republic	government	True
republic	town	False
research	environment	False
research	management	False
research	programme	False
research	treatment	False
reserve	liquidity	True
reserve	loan	False
resistance	gap	False
resolution	bill	False
resolution	ruling	True
resort	complex	False
resort	town	True
resource	liquidity	False
restitution	sentence	False
restriction	sentence	False
result	performance	True
retaliation	sentence	True
retraining	treatment	False
return	performance	True
revenue	bill	False
revenue	gap	False
revenue	performance	True
revenue	surplus	False
reversal	gap	False
review	element	False
revolt	war	False
revolution	war	False
rice	goods	True
rigging	abuse	False
riot	war	False
rivalry	gap	True
road	town	False
robbery	abuse	True
room	argument	False
rouble	liquidity	False
round	match	True
row	war	False
rule	bill	True
rule	ruling	True
rule	treatment	False
ruling	acquittal	False
ruling	analysis	False
ruling	appeal	False
ruling	approval	False
ruling	article	False
ruling	assurance	False
ruling	centrist	False
ruling	comment	False
ruling	communist	False
ruling	comparison	False
ruling	compromise	False
ruling	concession	False
ruling	conservative	False
ruling	conviction	False
ruling	decision	False
ruling	detention	False
ruling	directive	True
ruling	discussion	False
ruling	document	False
ruling	dominant	True
ruling	feuding	False
ruling	file	False
ruling	former	False
ruling	from	False
ruling	governing	True
ruling	guideline	False
ruling	hearing	False
ruling	incumbent	False
ruling	indictment	False
ruling	injunction	False
ruling	judge	True
ruling	judgement	True
ruling	judgment	True
ruling	lawsuit	True
ruling	leaning	False
ruling	left	False
ruling	leftist	False
ruling	letter	False
ruling	liberal	False
ruling	merger	False
ruling	motion	True
ruling	nationalist	False
ruling	notice	False
ruling	opinion	False
ruling	order	True
ruling	parliamentary	False
ruling	permission	False
ruling	po	False
ruling	powerful	False
ruling	provincial	False
ruling	radical	False
ruling	rebel	False
ruling	recommendation	False
ruling	referendum	False
ruling	regional	False
ruling	remark	False
ruling	resolution	True
ruling	rule	True
ruling	senior	True
ruling	sentence	False
ruling	socialist	False
ruling	statement	False
ruling	summons	False
ruling	text	False
ruling	unknown	False
ruling	verdict	True
rumor	liquidity	False
runway	complex	True
safety	environment	True
safety	management	False
sale	performance	True
sale	privatisation	False
sanction	sentence	True
sanction	war	False
sanctuary	complex	False
satisfaction	liquidity	False
saving	liquidity	False
saving	loan	False
saving	surplus	True
scan	treatment	True
scandal	abuse	True
scandal	war	False
scenario	argument	False
scheme	bill	True
scheme	programme	True
scheme	treatment	False
schizophrenia	treatment	False
scope	argument	False
scorer	treatment	False
season	match	False
secretary	chairman	False
secretary	federation	False
sector	complex	False
security	loan	False
security	management	False
selector	warplane	False
sell	list	False
selloff	privatisation	False
semiconductor	goods	True
semifinal	match	True
senate	federation	False
senator	chairman	False
senior	ruling	False
sentence	absentia	False
sentence	acquittal	False
sentence	arrest	False
sentence	blame	False
sentence	bother	False
sentence	boycott	False
sentence	burden	False
sentence	chun	False
sentence	convict	False
sentence	conviction	False
sentence	count	False
sentence	criterion	False
sentence	curb	False
sentence	detention	False
sentence	dismissal	False
sentence	echelon	False
sentence	eligibility	False
sentence	extension	False
sentence	extradition	False
sentence	fine	False
sentence	hour	False
sentence	humanity	False
sentence	hunt	False
sentence	impeachment	False
sentence	imprisonment	False
sentence	indictment	False
sentence	investigation	False
sentence	jail	False
sentence	judgement	True
sentence	judgment	True
sentence	justification	False
sentence	kill	False
sentence	life	False
sentence	mass	False
sentence	misconduct	False
sentence	motive	False
sentence	parole	False
sentence	penalty	True
sentence	prison	False
sentence	probation	False
sentence	punishment	True
sentence	put	False
sentence	reprisal	False
sentence	restitution	False
sentence	restriction	False
sentence	retaliation	False
sentence	ruling	True
sentence	sanction	True
sentence	serve	False
sentence	suspension	False
sentence	timeframe	False
sentence	trap	False
sentence	trial	True
sentence	verdict	False
sentence	woo	False
sentiment	environment	False
sentiment	performance	False
separate	complex	False
separation	gap	True
series	list	True
series	match	False
serve	sentence	False
service	management	False
service	programme	False
session	match	False
settlement	bill	False
settlement	privatisation	False
sewerage	treatment	False
sex	abuse	False
shareholder	broker	False
shelter	treatment	False
ship	complex	False
ship	warplane	False
shooting	abuse	False
shortage	gap	True
shortage	liquidity	False
shortage	surplus	False
shortfall	gap	True
shortfall	surplus	False
shortlist	list	True
showdown	match	False
showing	argument	False
showing	performance	True
side	government	False
siege	war	True
sign	element	False
simple	complex	False
site	complex	True
situation	environment	True
size	element	False
skill	environment	False
skill	treatment	False
skirmish	argument	True
slew	list	True
slide	gap	False
slide	surplus	False
slowdown	performance	True
sluggishness	performance	True
smallest	list	True
smelter	complex	True
smuggling	abuse	True
soccer	match	True
socialist	ruling	False
software	environment	False
soldier	warplane	False
solution	programme	False
solution	treatment	True
solvency	liquidity	True
soundness	list	False
source	broker	False
south	town	False
space	complex	False
speaker	chairman	False
speculation	liquidity	False
speculator	broker	False
speech	argument	True
spending	gap	False
spending	performance	False
spending	surplus	False
spokesman	chairman	False
spread	gap	True
squad	list	False
squeeze	gap	False
stability	environment	False
stability	liquidity	False
stability	programme	False
stage	match	False
start	match	False
state	government	True
state	town	True
statement	ruling	False
station	complex	True
steel	goods	True
step	element	True
step	programme	True
stg	surplus	False
stockbroker	broker	True
stockholder	broker	False
stopgap	gap	False
storage	management	False
storage	treatment	False
strategy	environment	False
strategy	management	False
strategy	programme	True
strength	liquidity	False
strength	performance	True
strife	war	True
strike	war	True
string	list	True
stronghold	town	True
structure	environment	False
structure	management	False
structure	performance	False
struggle	war	True
study	programme	True
submarine	complex	False
submarine	warplane	False
subsidy	bill	False
subsidy	loan	False
subsidy	programme	False
suburb	town	True
success	performance	True
successful	complex	False
sugar	goods	True
suit	argument	False
summons	ruling	False
supervision	liquidity	False
supervision	management	False
supervision	privatisation	False
supply	liquidity	False
surgeon	treatment	True
surgery	treatment	True
surplus	balance	False
surplus	borrowing	False
surplus	budget	True
surplus	carryover	True
surplus	constraint	False
surplus	consumption	False
surplus	cost	False
surplus	crop	False
surplus	crown	False
surplus	debt	False
surplus	decline	False
surplus	deficit	False
surplus	displacement	False
surplus	earnings	False
surplus	excess	True
surplus	figure	False
surplus	firming	False
surplus	flow	False
surplus	gap	True
surplus	harvest	True
surplus	import	False
surplus	inflation	False
surplus	inflow	True
surplus	item	False
surplus	liquidity	False
surplus	loss	False
surplus	outflow	False
surplus	output	False
surplus	profit	True
surplus	profits	True
surplus	projection	False
surplus	ratio	True
surplus	remittance	False
surplus	revenue	False
surplus	saving	False
surplus	shortage	False
surplus	shortfall	False
surplus	slide	False
surplus	spending	False
surplus	stg	False
surplus	total	False
surplus	turnover	False
surplus	unemployment	False
surplus	unwrought	False
surplus	value	True
survey	list	True
suspension	sentence	False
symptom	treatment	False
system	environment	True
system	programme	True
table	list	True
takeover	privatisation	False
tank	warplane	False
target	gap	False
tax	loan	False
tea	goods	True
team	list	False
team	match	False
technology	management	False
technology	programme	False
telecommunication	environment	True
telecommunication	management	True
telecommunication	treatment	False
telecoms	management	True
tenet	element	True
tension	liquidity	False
tension	war	True
terminal	complex	True
territory	town	True
terrorism	abuse	True
terrorism	war	False
test	match	True
test	treatment	True
testimony	argument	True
testing	treatment	False
text	bill	False
text	element	False
text	ruling	False
textile	goods	True
theft	abuse	True
theme	element	False
theory	argument	True
therapy	treatment	True
thing	element	True
thirds	list	False
thousand	list	True
threshhold	treatment	False
threshold	treatment	False
ticket	list	False
tie	gap	False
tie	match	False
tightening	gap	False
timber	goods	True
timeframe	sentence	False
title	match	False
tone	performance	False
tool	environment	False
topic	element	False
torpedo	warplane	False
torture	abuse	True
total	surplus	False
tour	match	False
tourism	complex	False
tournament	match	True
tower	complex	False
town	airport	False
town	area	True
town	base	False
town	border	False
town	camp	False
town	capital	True
town	centre	True
town	checkpoint	False
town	city	True
town	coast	False
town	colony	False
town	community	True
town	complex	True
town	country	False
town	county	False
town	district	True
town	enclave	True
town	hospital	False
town	hotel	False
town	island	False
town	jungle	False
town	kingdom	True
town	lakeland	False
town	location	True
town	mountain	False
town	municipality	True
town	nation	False
town	north	False
town	northwest	False
town	parliament	False
town	peninsula	False
town	place	True
town	port	True
town	prefecture	False
town	province	False
town	region	True
town	republic	False
town	resort	True
town	road	False
town	south	False
town	state	True
town	stronghold	True
town	suburb	True
town	territory	True
town	valley	False
town	village	True
town	voting	False
town	zone	True
toy	goods	True
trader	broker	False
trafficking	abuse	True
train	warplane	False
training	treatment	False
transaction	loan	False
transaction	programme	False
transferability	element	False
transition	privatisation	False
transitional	complex	False
transmission	management	False
transmission	treatment	False
transparency	liquidity	False
transport	environment	True
transport	management	True
transportation	management	True
trap	sentence	False
treasurer	chairman	False
treatment	access	False
treatment	advice	False
treatment	aid	True
treatment	angioplasty	False
treatment	assistance	True
treatment	assurance	False
treatment	automation	False
treatment	backup	False
treatment	care	True
treatment	castration	False
treatment	check	False
treatment	checkup	False
treatment	choice	False
treatment	circumstance	False
treatment	clearance	False
treatment	compound	False
treatment	coverage	False
treatment	decoder	False
treatment	detection	False
treatment	device	False
treatment	diagnosis	False
treatment	died	False
treatment	distribution	False
treatment	drug	False
treatment	education	False
treatment	extraction	False
treatment	fabrication	False
treatment	financing	False
treatment	form	False
treatment	frame	False
treatment	funding	False
treatment	gathering	False
treatment	handling	True
treatment	identification	False
treatment	incidence	False
treatment	information	False
treatment	infrastructure	False
treatment	insurance	False
treatment	legislation	False
treatment	manufacturing	False
treatment	marketing	False
treatment	medicine	True
treatment	patient	False
treatment	pipeline	False
treatment	prevention	False
treatment	procedure	True
treatment	processing	False
treatment	protection	False
treatment	purification	True
treatment	questioner	False
treatment	reconstruction	False
treatment	repair	False
treatment	research	False
treatment	retraining	False
treatment	rule	False
treatment	scan	False
treatment	scheme	False
treatment	schizophrenia	False
treatment	scorer	False
treatment	sewerage	False
treatment	shelter	False
treatment	skill	False
treatment	solution	True
treatment	storage	False
treatment	surgeon	False
treatment	surgery	False
treatment	symptom	False
treatment	telecommunication	False
treatment	test	False
treatment	testing	False
treatment	therapy	True
treatment	threshhold	False
treatment	threshold	False
treatment	training	False
treatment	transmission	False
treatment	trial	False
treatment	vaccine	False
treatment	wastewater	False
treaty	bill	True
treaty	programme	False
trend	environment	False
trend	performance	True
trial	privatisation	False
trial	sentence	False
trial	treatment	False
troop	warplane	False
truck	goods	True
turnover	surplus	False
type	element	False
uncertainty	argument	False
uncertainty	liquidity	False
understanding	element	False
unemployment	gap	False
unemployment	liquidity	False
unemployment	surplus	False
union	federation	True
union	government	True
unit	complex	False
university	federation	False
unknown	ruling	False
unrest	war	False
unwrought	surplus	False
uprising	war	False
upturn	gap	False
upturn	performance	True
utensil	goods	True
vacancy	gap	True
vaccine	treatment	True
valley	town	False
value	surplus	False
vehicle	goods	True
vehicle	warplane	True
venture	complex	False
verdict	argument	False
verdict	ruling	True
verdict	sentence	False
version	element	False
vessel	warplane	False
victory	match	False
victory	performance	True
village	complex	False
village	town	True
violation	abuse	True
violence	abuse	True
violence	war	True
visibility	liquidity	False
void	gap	True
volatility	liquidity	False
volume	liquidity	False
voting	town	False
war	aggression	True
war	anger	True
war	army	False
war	assault	True
war	attack	True
war	ban	False
war	battle	True
war	bloodshed	True
war	bombing	False
war	campaign	True
war	clash	True
war	conflict	True
war	confrontation	True
war	coup	False
war	crackdown	True
war	crime	False
war	crisis	False
war	debate	False
war	difference	False
war	dispute	True
war	drug	False
war	fight	True
war	fighting	True
war	flood	False
war	force	True
war	gunfight	False
war	hostility	True
war	incident	False
war	insurgency	False
war	invasion	False
war	litigation	False
war	massacre	False
war	murder	False
war	offensive	True
war	onslaught	False
war	prison	False
war	protest	False
war	raid	False
war	rebellion	False
war	revolt	False
war	revolution	False
war	riot	False
war	row	True
war	sanction	False
war	scandal	False
war	siege	False
war	strife	True
war	strike	True
war	struggle	True
war	tension	True
war	terrorism	False
war	unrest	False
war	uprising	False
war	violence	True
warplane	aircraft	True
warplane	airline	False
warplane	airplane	True
warplane	arm	True
warplane	armour	False
warplane	artillery	False
warplane	bomb	False
warplane	bomber	True
warplane	bps	True
warplane	buildup	False
warplane	carrier	True
warplane	command	False
warplane	comrade	False
warplane	crew	True
warplane	democrat	False
warplane	explosive	False
warplane	force	True
warplane	forwarders	False
warplane	freighter	False
warplane	frigate	False
warplane	gun	False
warplane	gunmen	False
warplane	helicopter	False
warplane	hijacker	False
warplane	jet	False
warplane	kobo	False
warplane	launcher	False
warplane	massing	False
warplane	missile	False
warplane	multinationals	False
warplane	overflights	False
warplane	patrol	True
warplane	patrolling	False
warplane	pest	False
warplane	pilgrim	False
warplane	pilot	False
warplane	plane	True
warplane	radar	False
warplane	rebel	False
warplane	selector	False
warplane	ship	False
warplane	soldier	False
warplane	submarine	False
warplane	tank	False
warplane	torpedo	False
warplane	train	False
warplane	troop	False
warplane	vehicle	True
warplane	vessel	False
warplane	warplane	True
warplane	warplanes	True
warplane	warship	True
warplane	weapon	True
warrant	loan	False
warship	warplane	True
wastewater	treatment	False
water	goods	False
weakness	liquidity	False
weakness	performance	False
weapon	warplane	True
wheat	goods	True
willingness	argument	False
win	match	False
wing	federation	False
winner	match	False
witness	argument	False
woo	sentence	False
wool	goods	True
work	programme	False
worry	list	False
wrangle	argument	True
wrangling	argument	True
wrongdoing	argument	False
yield	bill	False
zone	town	False
