burkina_faso	locatedIn	western_africa
argentine_republic	neighborOf	plurinational_state_of_bolivia
russian_federation	neighborOf	republic_of_finland
united_arab_emirates	locatedIn	western_asia
republic_of_honduras	neighborOf	republic_of_nicaragua
republic_of_bulgaria	neighborOf	hellenic_republic
territory_of_the_wallis_and_futuna_islands	locatedIn	oceania
republic_of_rwanda	neighborOf	republic_of_burundi
federal_republic_of_somalia	locatedIn	eastern_africa
republic_of_kenya	neighborOf	federal_republic_of_somalia
kingdom_of_morocco	neighborOf	kingdom_of_spain
republic_of_bulgaria	neighborOf	republic_of_turkey
hungary	locatedIn	eastern_europe
republic_of_macedonia	neighborOf	hellenic_republic
republic_of_turkey	locatedIn	asia
republic_of_mozambique	locatedIn	eastern_africa
central_african_republic	neighborOf	republic_of_chad
republic_of_guatemala	neighborOf	belize
islamic_republic_of_afghanistan	neighborOf	turkmenistan
united_arab_emirates	neighborOf	sultanate_of_oman
oceania	locatedIn	australia_and_new_zealand
kingdom_of_thailand	neighborOf	republic_of_the_union_of_myanmar
federal_democratic_republic_of_nepal	locatedIn	southern_asia
republic_of_benin	neighborOf	federal_republic_of_nigeria
antigua_and_barbuda	locatedIn	americas
guiana	neighborOf	republic_of_suriname
federative_republic_of_brazil	locatedIn	americas
federative_republic_of_brazil	locatedIn	south_america
italian_republic	neighborOf	vatican_city_state
co-operative_republic_of_guyana	neighborOf	republic_of_suriname
republic_of_the_congo	locatedIn	middle_africa
peoples_democratic_republic_of_algeria	neighborOf	republic_of_mali
federation_of_saint_christopher_and_nevisa	locatedIn	americas
swiss_confederation	locatedIn	western_europe
republic_of_costa_rica	neighborOf	republic_of_panama
united_mexican_states	locatedIn	americas
republic_of_panama	neighborOf	republic_of_costa_rica
russian_federation	neighborOf	georgia
republic_of_ireland	neighborOf	united_kingdom_of_great_britain_and_northern_ireland
republic_of_madagascar	locatedIn	eastern_africa
peoples_republic_of_china	neighborOf	lao_peoples_democratic_republic
republic_of_kenya	neighborOf	republic_of_uganda
kyrgyz_republic	locatedIn	central_asia
republic_of_india	neighborOf	peoples_republic_of_bangladesh
republic_of_serbia	locatedIn	europe
federative_republic_of_brazil	neighborOf	argentine_republic
kingdom_of_spain	neighborOf	gibraltar
republic_of_uganda	neighborOf	united_republic_of_tanzania
independent_state_of_samoa	locatedIn	oceania
american_samoa	locatedIn	polynesia
republic_of_colombia	neighborOf	republic_of_panama
federal_republic_of_germany	neighborOf	republic_of_poland
turkmenistan	locatedIn	asia
kingdom_of_spain	locatedIn	europe
state_of_libya	neighborOf	arab_republic_of_egypt
republic_of_sierra_leone	locatedIn	western_africa
republic_of_austria	neighborOf	federal_republic_of_germany
republic_of_guatemala	locatedIn	central_america
republic_of_the_union_of_myanmar	locatedIn	south-eastern_asia
republic_of_guinea-bissau	locatedIn	africa
iceland	locatedIn	northern_europe
republic_of_armenia	neighborOf	islamic_republic_of_iran
italian_republic	neighborOf	republic_of_austria
republic_of_serbia	neighborOf	republic_of_kosovo
bailiwick_of_guernsey	locatedIn	northern_europe
macao_special_administrative_region_of_the_peoples_republic_of_china	locatedIn	eastern_asia
republic_of_moldova	neighborOf	ukraine
bermuda	locatedIn	northern_america
democratic_republic_of_são_tomé_and_príncipe	locatedIn	africa
kyrgyz_republic	neighborOf	republic_of_kazakhstan
islamic_republic_of_mauritania	locatedIn	africa
republic_of_guinea-bissau	neighborOf	republic_of_senegal
republic_of_suriname	neighborOf	co-operative_republic_of_guyana
republic_of_the_sudan	neighborOf	central_african_republic
saint_martin	neighborOf	sint_maarten
peoples_republic_of_china	neighborOf	republic_of_india
islamic_republic_of_afghanistan	neighborOf	republic_of_tajikistan
democratic_republic_of_the_congo	neighborOf	republic_of_the_congo
republic_of_vanuatu	locatedIn	oceania
republic_of_guinea	neighborOf	republic_of_mali
swiss_confederation	neighborOf	italian_republic
canada	locatedIn	northern_america
federal_democratic_republic_of_nepal	neighborOf	republic_of_india
french_republic	neighborOf	italian_republic
republic_of_iraq	neighborOf	state_of_kuwait
romania	neighborOf	hungary
republic_of_senegal	neighborOf	republic_of_guinea
vatican_city_state	locatedIn	europe
republic_of_tajikistan	locatedIn	asia
republic_of_uzbekistan	locatedIn	asia
republic_of_latvia	neighborOf	republic_of_estonia
republic_of_moldova	locatedIn	europe
kingdom_of_thailand	locatedIn	asia
islamic_republic_of_mauritania	neighborOf	republic_of_mali
virgin_islands_of_the_united_states	locatedIn	americas
kingdom_of_lesotho	locatedIn	southern_africa
democratic_republic_of_the_congo	neighborOf	republic_of_south_sudan
state_of_palestine	locatedIn	western_asia
republic_of_serbia	neighborOf	hungary
republic_of_mozambique	neighborOf	republic_of_south_africa
new_caledonia	locatedIn	melanesia
peoples_republic_of_china	neighborOf	islamic_republic_of_pakistan
democratic_republic_of_the_congo	neighborOf	republic_of_uganda
republic_of_macedonia	locatedIn	europe
africa	locatedIn	southern_africa
hellenic_republic	neighborOf	republic_of_macedonia
republic_of_poland	neighborOf	slovak_republic
republic_of_nauru	locatedIn	micronesia
turkmenistan	neighborOf	islamic_republic_of_afghanistan
democratic_republic_of_timor-leste	neighborOf	republic_of_indonesia
swiss_confederation	locatedIn	europe
federal_republic_of_germany	neighborOf	republic_of_austria
republic_of_the_sudan	neighborOf	arab_republic_of_egypt
new_zealand	locatedIn	oceania
kingdom_of_belgium	locatedIn	western_europe
republic_of_paraguay	neighborOf	argentine_republic
republic_of_turkey	neighborOf	georgia
republic_of_the_philippines	locatedIn	asia
united_states_minor_outlying_islands	locatedIn	americas
burkina_faso	neighborOf	republic_of_mali
islamic_republic_of_iran	locatedIn	asia
republic_of_estonia	neighborOf	republic_of_latvia
republic_of_macedonia	neighborOf	republic_of_serbia
republic_of_india	neighborOf	islamic_republic_of_pakistan
republic_of_south_sudan	neighborOf	central_african_republic
russian_federation	neighborOf	kingdom_of_norway
republic_of_belarus	neighborOf	russian_federation
nation_of_brunei,_abode_of_peace	neighborOf	malaysia
montenegro	neighborOf	republic_of_kosovo
republic_of_chile	neighborOf	argentine_republic
republic_of_mauritius	locatedIn	africa
republic_of_croatia	neighborOf	hungary
republic_of_the_maldives	locatedIn	southern_asia
gibraltar	locatedIn	europe
state_of_kuwait	neighborOf	republic_of_iraq
georgia	neighborOf	russian_federation
state_of_libya	neighborOf	tunisian_republic
pitcairn_group_of_islands	locatedIn	polynesia
bolivarian_republic_of_venezuela	neighborOf	federative_republic_of_brazil
kingdom_of_morocco	locatedIn	africa
french_republic	neighborOf	grand_duchy_of_luxembourg
principality_of_liechtenstein	neighborOf	swiss_confederation
bosnia_and_herzegovina	neighborOf	republic_of_serbia
kingdom_of_tonga	locatedIn	oceania
hungary	neighborOf	slovak_republic
republic_of_niger	neighborOf	republic_of_chad
burkina_faso	locatedIn	africa
lao_peoples_democratic_republic	neighborOf	kingdom_of_cambodia
republic_of_cameroon	neighborOf	gabonese_republic
republic_of_chad	neighborOf	central_african_republic
republic_of_the_gambia	locatedIn	western_africa
republic_of_colombia	neighborOf	bolivarian_republic_of_venezuela
dominican_republic	locatedIn	caribbean
federal_democratic_republic_of_ethiopia	neighborOf	federal_republic_of_somalia
kingdom_of_cambodia	neighborOf	kingdom_of_thailand
principality_of_monaco	locatedIn	western_europe
romania	locatedIn	eastern_europe
republic_of_india	locatedIn	asia
tuvalu	locatedIn	oceania
republic_of_namibia	neighborOf	republic_of_botswana
republic_of_turkey	neighborOf	syrian_arab_republic
republic_of_india	neighborOf	peoples_republic_of_china
republic_of_the_congo	neighborOf	democratic_republic_of_the_congo
montenegro	neighborOf	bosnia_and_herzegovina
kyrgyz_republic	locatedIn	asia
sultanate_of_oman	neighborOf	republic_of_yemen
republic_of_botswana	neighborOf	republic_of_zambia
new_caledonia	locatedIn	oceania
republic_of_south_sudan	locatedIn	africa
democratic_republic_of_the_congo	neighborOf	republic_of_burundi
republic_of_the_congo	neighborOf	central_african_republic
french_republic	neighborOf	federal_republic_of_germany
collectivity_of_saint_barthélemy	locatedIn	americas
sahrawi_arab_democratic_republic	neighborOf	kingdom_of_morocco
guam	locatedIn	oceania
mongolia	neighborOf	russian_federation
russian_federation	neighborOf	republic_of_kazakhstan
turkmenistan	locatedIn	central_asia
kingdom_of_belgium	neighborOf	grand_duchy_of_luxembourg
republic_of_nicaragua	neighborOf	republic_of_honduras
state_of_israel	neighborOf	hashemite_kingdom_of_jordan
republic_of_botswana	locatedIn	southern_africa
lebanese_republic	neighborOf	state_of_israel
republic_of_guatemala	locatedIn	americas
democratic_peoples_republic_of_korea	neighborOf	russian_federation
republic_of_poland	neighborOf	czech_republic
republic_of_rwanda	neighborOf	republic_of_uganda
republic_of_zambia	locatedIn	eastern_africa
saint_martin	locatedIn	americas
federative_republic_of_brazil	neighborOf	plurinational_state_of_bolivia
republic_of_azerbaijan	locatedIn	western_asia
federal_republic_of_germany	neighborOf	kingdom_of_belgium
slovak_republic	locatedIn	central_europe
republic_of_south_sudan	locatedIn	middle_africa
republic_of_uganda	neighborOf	republic_of_kenya
romania	locatedIn	europe
tunisian_republic	locatedIn	northern_africa
kingdom_of_norway	neighborOf	republic_of_finland
kingdom_of_norway	neighborOf	kingdom_of_sweden
turkmenistan	neighborOf	republic_of_uzbekistan
peoples_democratic_republic_of_algeria	neighborOf	islamic_republic_of_mauritania
republic_of_zimbabwe	neighborOf	republic_of_mozambique
republic_of_mozambique	locatedIn	africa
republic_of_malawi	locatedIn	eastern_africa
republic_of_zambia	neighborOf	republic_of_zimbabwe
republic_of_macedonia	locatedIn	southern_europe
principality_of_andorra	neighborOf	kingdom_of_spain
republic_of_ghana	locatedIn	western_africa
kingdom_of_saudi_arabia	neighborOf	republic_of_yemen
co-operative_republic_of_guyana	neighborOf	bolivarian_republic_of_venezuela
kingdom_of_bhutan	locatedIn	asia
hashemite_kingdom_of_jordan	neighborOf	republic_of_iraq
republic_of_albania	neighborOf	hellenic_republic
republic_of_chile	neighborOf	republic_of_peru
peoples_republic_of_china	neighborOf	kyrgyz_republic
kingdom_of_cambodia	locatedIn	south-eastern_asia
netherlands	locatedIn	western_europe
republic_of_the_sudan	neighborOf	republic_of_south_sudan
republic_of_south_sudan	neighborOf	federal_democratic_republic_of_ethiopia
united_republic_of_tanzania	neighborOf	republic_of_kenya
united_republic_of_tanzania	neighborOf	republic_of_burundi
gabonese_republic	neighborOf	republic_of_cameroon
burkina_faso	neighborOf	republic_of_benin
oriental_republic_of_uruguay	neighborOf	argentine_republic
romania	neighborOf	republic_of_serbia
georgia	locatedIn	asia
saint_martin	locatedIn	caribbean
independent_and_sovereign_republic_of_kiribati	locatedIn	micronesia
republic_of_cyprus	locatedIn	europe
slovak_republic	neighborOf	czech_republic
republic_of_uganda	locatedIn	africa
kingdom_of_norway	locatedIn	northern_europe
republic_of_ghana	neighborOf	republic_of_côte_divoire
republic_of_the_congo	neighborOf	republic_of_cameroon
republic_of_angola	neighborOf	republic_of_zambia
republic_of_haiti	neighborOf	dominican_republic
federal_democratic_republic_of_ethiopia	locatedIn	eastern_africa
republic_of_liberia	neighborOf	republic_of_côte_divoire
grand_duchy_of_luxembourg	locatedIn	western_europe
slovak_republic	locatedIn	europe
europe	locatedIn	central_europe
united_states_of_america	neighborOf	united_mexican_states
principality_of_liechtenstein	locatedIn	europe
anguilla	locatedIn	caribbean
federal_republic_of_germany	neighborOf	french_republic
republic_of_croatia	neighborOf	bosnia_and_herzegovina
republic_of_belarus	neighborOf	republic_of_lithuania
bosnia_and_herzegovina	neighborOf	montenegro
kingdom_of_denmark	neighborOf	federal_republic_of_germany
state_of_libya	locatedIn	northern_africa
united_states_of_america	locatedIn	americas
republic_of_peru	neighborOf	republic_of_ecuador
syrian_arab_republic	locatedIn	western_asia
lao_peoples_democratic_republic	neighborOf	socialist_republic_of_vietnam
europe	locatedIn	western_europe
americas	locatedIn	northern_america
malaysia	locatedIn	south-eastern_asia
federal_republic_of_germany	locatedIn	europe
state_of_israel	neighborOf	syrian_arab_republic
republic_of_colombia	neighborOf	republic_of_peru
united_kingdom_of_great_britain_and_northern_ireland	locatedIn	europe
republic_of_kosovo	locatedIn	eastern_europe
malaysia	locatedIn	asia
republic_of_croatia	locatedIn	southern_europe
state_of_eritrea	neighborOf	republic_of_the_sudan
department_of_mayotte	locatedIn	eastern_africa
africa	locatedIn	middle_africa
republic_of_lithuania	neighborOf	russian_federation
ukraine	locatedIn	eastern_europe
united_mexican_states	neighborOf	united_states_of_america
republic_of_the_gambia	neighborOf	republic_of_senegal
territory_of_the_wallis_and_futuna_islands	locatedIn	polynesia
republic_of_serbia	neighborOf	republic_of_bulgaria
central_african_republic	locatedIn	africa
kingdom_of_spain	neighborOf	kingdom_of_morocco
republic_of_colombia	neighborOf	federative_republic_of_brazil
state_of_libya	neighborOf	republic_of_chad
republic_of_mali	neighborOf	republic_of_côte_divoire
republic_of_cyprus	neighborOf	united_kingdom_of_great_britain_and_northern_ireland
czech_republic	neighborOf	republic_of_poland
bailiwick_of_guernsey	locatedIn	europe
peoples_republic_of_china	neighborOf	socialist_republic_of_vietnam
federal_democratic_republic_of_ethiopia	neighborOf	republic_of_south_sudan
republic_of_iraq	locatedIn	asia
republic_of_niger	locatedIn	africa
slovak_republic	neighborOf	republic_of_austria
republic_of_south_africa	neighborOf	republic_of_mozambique
islamic_republic_of_afghanistan	neighborOf	islamic_republic_of_pakistan
islamic_republic_of_iran	neighborOf	turkmenistan
united_arab_emirates	neighborOf	kingdom_of_saudi_arabia
republic_of_zambia	neighborOf	republic_of_angola
peoples_republic_of_bangladesh	neighborOf	republic_of_india
state_of_qatar	locatedIn	asia
republic_of_poland	neighborOf	ukraine
republic_of_uzbekistan	neighborOf	kyrgyz_republic
principality_of_monaco	locatedIn	europe
united_states_of_america	neighborOf	canada
kingdom_of_cambodia	locatedIn	asia
republic_of_liberia	neighborOf	republic_of_sierra_leone
czech_republic	locatedIn	eastern_europe
republic_of_azerbaijan	neighborOf	islamic_republic_of_iran
republic_of_zambia	neighborOf	republic_of_malawi
republic_of_honduras	locatedIn	central_america
republic_of_peru	neighborOf	federative_republic_of_brazil
republic_of_singapore	locatedIn	asia
republic_of_bulgaria	locatedIn	eastern_europe
republic_of_armenia	neighborOf	republic_of_turkey
federation_of_saint_christopher_and_nevisa	locatedIn	caribbean
islamic_republic_of_pakistan	neighborOf	islamic_republic_of_afghanistan
russian_federation	neighborOf	ukraine
republic_of_lithuania	neighborOf	republic_of_poland
republic_of_vanuatu	locatedIn	melanesia
territory_of_the_cocos_(keeling)_islands	locatedIn	australia_and_new_zealand
russian_federation	neighborOf	republic_of_lithuania
republic_of_the_sudan	neighborOf	federal_democratic_republic_of_ethiopia
republic_of_chad	neighborOf	republic_of_niger
republic_of_south_africa	neighborOf	kingdom_of_swaziland
islamic_republic_of_afghanistan	neighborOf	peoples_republic_of_china
republic_of_the_union_of_myanmar	neighborOf	kingdom_of_thailand
vatican_city_state	neighborOf	italian_republic
british_indian_ocean_territory	locatedIn	africa
islamic_republic_of_iran	locatedIn	southern_asia
russian_federation	neighborOf	republic_of_estonia
republic_of_panama	neighborOf	republic_of_colombia
republic_of_uzbekistan	neighborOf	republic_of_kazakhstan
republic_of_the_sudan	neighborOf	republic_of_chad
islamic_republic_of_mauritania	locatedIn	western_africa
republic_of_colombia	neighborOf	republic_of_ecuador
state_of_qatar	locatedIn	western_asia
faroe_islands	locatedIn	northern_europe
republic_of_india	neighborOf	federal_democratic_republic_of_nepal
hellenic_republic	locatedIn	europe
state_of_kuwait	neighborOf	kingdom_of_saudi_arabia
plurinational_state_of_bolivia	locatedIn	south_america
peoples_republic_of_china	neighborOf	republic_of_tajikistan
republic_of_mozambique	neighborOf	kingdom_of_swaziland
republic_of_liberia	locatedIn	western_africa
commonwealth_of_dominica	locatedIn	americas
republic_of_mozambique	neighborOf	united_republic_of_tanzania
plurinational_state_of_bolivia	locatedIn	americas
republic_of_serbia	neighborOf	montenegro
republic_of_panama	locatedIn	central_america
republic_of_trinidad_and_tobago	locatedIn	caribbean
hashemite_kingdom_of_jordan	locatedIn	asia
kingdom_of_bhutan	neighborOf	peoples_republic_of_china
peoples_democratic_republic_of_algeria	neighborOf	republic_of_niger
republic_of_the_marshall_islands	locatedIn	micronesia
french_republic	neighborOf	kingdom_of_belgium
republic_of_benin	locatedIn	western_africa
bosnia_and_herzegovina	neighborOf	republic_of_croatia
principality_of_liechtenstein	neighborOf	republic_of_austria
republic_of_macedonia	neighborOf	republic_of_kosovo
federal_republic_of_nigeria	neighborOf	republic_of_chad
republic_of_seychelles	locatedIn	africa
republic_of_indonesia	locatedIn	south-eastern_asia
state_of_palestine	neighborOf	hashemite_kingdom_of_jordan
russian_federation	neighborOf	democratic_peoples_republic_of_korea
kingdom_of_saudi_arabia	locatedIn	asia
republic_of_serbia	locatedIn	southern_europe
slovak_republic	neighborOf	ukraine
tunisian_republic	neighborOf	peoples_democratic_republic_of_algeria
lao_peoples_democratic_republic	neighborOf	peoples_republic_of_china
federative_republic_of_brazil	neighborOf	republic_of_paraguay
togolese_republic	neighborOf	burkina_faso
russian_federation	neighborOf	republic_of_poland
federal_democratic_republic_of_ethiopia	neighborOf	state_of_eritrea
argentine_republic	locatedIn	americas
argentine_republic	locatedIn	south_america
belize	locatedIn	americas
romania	neighborOf	ukraine
south_georgia_and_the_south_sandwich_islands	locatedIn	south_america
barbados	locatedIn	caribbean
saint_vincent_and_the_grenadines	locatedIn	caribbean
republic_of_albania	neighborOf	republic_of_macedonia
gibraltar	neighborOf	kingdom_of_spain
republic_of_slovenia	neighborOf	hungary
republic_of_kazakhstan	neighborOf	peoples_republic_of_china
aruba	locatedIn	caribbean
state_of_libya	locatedIn	africa
republic_of_kazakhstan	neighborOf	republic_of_uzbekistan
republic_of_estonia	locatedIn	northern_europe
syrian_arab_republic	neighborOf	republic_of_iraq
republic_of_finland	locatedIn	europe
islamic_republic_of_iran	neighborOf	republic_of_armenia
republic_of_slovenia	neighborOf	italian_republic
kingdom_of_saudi_arabia	locatedIn	western_asia
réunion_island	locatedIn	africa
federated_states_of_micronesia	locatedIn	micronesia
republic_of_peru	neighborOf	republic_of_chile
russian_federation	neighborOf	republic_of_belarus
republic_of_el_salvador	neighborOf	republic_of_honduras
republic_of_ecuador	locatedIn	south_america
kingdom_of_saudi_arabia	neighborOf	united_arab_emirates
republic_of_malawi	neighborOf	republic_of_mozambique
tokelau	locatedIn	oceania
republic_of_finland	neighborOf	russian_federation
kingdom_of_tonga	locatedIn	polynesia
united_republic_of_tanzania	neighborOf	republic_of_uganda
tunisian_republic	neighborOf	state_of_libya
republic_of_niger	neighborOf	republic_of_mali
republic_of_the_congo	neighborOf	gabonese_republic
republic_of_south_africa	neighborOf	kingdom_of_lesotho
americas	locatedIn	caribbean
republic_of_belarus	locatedIn	eastern_europe
kingdom_of_lesotho	locatedIn	africa
federal_republic_of_somalia	neighborOf	republic_of_kenya
russian_federation	neighborOf	peoples_republic_of_china
republic_of_south_sudan	neighborOf	democratic_republic_of_the_congo
federal_republic_of_somalia	neighborOf	federal_democratic_republic_of_ethiopia
democratic_republic_of_timor-leste	locatedIn	south-eastern_asia
republic_of_poland	neighborOf	russian_federation
socialist_republic_of_vietnam	locatedIn	south-eastern_asia
republic_of_latvia	neighborOf	russian_federation
republic_of_the_sudan	neighborOf	state_of_eritrea
democratic_republic_of_the_congo	locatedIn	middle_africa
independent_and_sovereign_republic_of_kiribati	locatedIn	oceania
hong_kong_special_administrative_region_of_the_peoples_republic_of_china	locatedIn	asia
kingdom_of_saudi_arabia	neighborOf	state_of_kuwait
ukraine	neighborOf	hungary
kingdom_of_bhutan	locatedIn	southern_asia
saint_pierre_and_miquelon	locatedIn	northern_america
europe	locatedIn	eastern_europe
co-operative_republic_of_guyana	locatedIn	south_america
republic_of_austria	neighborOf	slovak_republic
hellenic_republic	neighborOf	republic_of_albania
republic_of_equatorial_guinea	locatedIn	middle_africa
republic_of_niger	locatedIn	western_africa
republic_of_ecuador	neighborOf	republic_of_colombia
federative_republic_of_brazil	neighborOf	republic_of_peru
central_african_republic	neighborOf	democratic_republic_of_the_congo
lebanese_republic	neighborOf	syrian_arab_republic
republic_of_latvia	neighborOf	republic_of_belarus
turks_and_caicos_islands	locatedIn	americas
republic_of_poland	neighborOf	republic_of_belarus
republic_of_the_union_of_myanmar	neighborOf	republic_of_india
kingdom_of_spain	locatedIn	southern_europe
republic_of_angola	neighborOf	republic_of_the_congo
socialist_republic_of_vietnam	neighborOf	kingdom_of_cambodia
commonwealth_of_puerto_rico	locatedIn	caribbean
republic_of_ghana	neighborOf	togolese_republic
republic_of_zimbabwe	neighborOf	republic_of_south_africa
socialist_republic_of_vietnam	neighborOf	lao_peoples_democratic_republic
kingdom_of_morocco	locatedIn	northern_africa
federal_republic_of_germany	neighborOf	netherlands
burkina_faso	neighborOf	republic_of_ghana
republic_of_latvia	locatedIn	europe
nation_of_brunei,_abode_of_peace	locatedIn	south-eastern_asia
peoples_republic_of_china	locatedIn	asia
malaysia	neighborOf	kingdom_of_thailand
republic_of_suriname	neighborOf	guiana
malaysia	neighborOf	republic_of_indonesia
republic_of_finland	locatedIn	northern_europe
antigua_and_barbuda	locatedIn	caribbean
central_african_republic	neighborOf	republic_of_the_congo
republic_of_cuba	locatedIn	americas
hellenic_republic	neighborOf	republic_of_bulgaria
togolese_republic	neighborOf	republic_of_benin
republic_of_benin	neighborOf	republic_of_niger
republic_of_nicaragua	locatedIn	central_america
commonwealth_of_puerto_rico	locatedIn	americas
commonwealth_of_the_bahamas	locatedIn	caribbean
republic_of_turkey	neighborOf	republic_of_iraq
oriental_republic_of_uruguay	locatedIn	americas
oriental_republic_of_uruguay	locatedIn	south_america
republic_of_iraq	locatedIn	western_asia
republic_of_kosovo	neighborOf	republic_of_albania
republic_of_costa_rica	neighborOf	republic_of_nicaragua
republic_of_the_sudan	neighborOf	state_of_libya
czech_republic	locatedIn	europe
republic_of_mozambique	neighborOf	republic_of_zimbabwe
republic_of_chad	neighborOf	federal_republic_of_nigeria
principality_of_andorra	locatedIn	europe
republic_of_cameroon	locatedIn	middle_africa
cook_islands	locatedIn	oceania
republic_of_lithuania	locatedIn	northern_europe
republic_of_tajikistan	neighborOf	kyrgyz_republic
republic_of_namibia	neighborOf	republic_of_south_africa
democratic_republic_of_the_congo	neighborOf	united_republic_of_tanzania
republic_of_the_congo	locatedIn	africa
republic_of_serbia	neighborOf	republic_of_croatia
republic_of_bulgaria	neighborOf	republic_of_macedonia
montserrat	locatedIn	caribbean
montenegro	neighborOf	republic_of_albania
islamic_republic_of_pakistan	neighborOf	peoples_republic_of_china
russian_federation	neighborOf	republic_of_azerbaijan
state_of_eritrea	locatedIn	eastern_africa
peoples_republic_of_china	neighborOf	hong_kong_special_administrative_region_of_the_peoples_republic_of_china
republic_of_angola	neighborOf	democratic_republic_of_the_congo
democratic_republic_of_the_congo	neighborOf	republic_of_rwanda
montenegro	locatedIn	southern_europe
peoples_democratic_republic_of_algeria	neighborOf	sahrawi_arab_democratic_republic
state_of_israel	neighborOf	lebanese_republic
republic_of_cameroon	neighborOf	republic_of_chad
co-operative_republic_of_guyana	neighborOf	federative_republic_of_brazil
republic_of_indonesia	locatedIn	asia
federative_republic_of_brazil	neighborOf	guiana
republic_of_the_union_of_myanmar	neighborOf	lao_peoples_democratic_republic
state_of_palestine	neighborOf	state_of_israel
hungary	neighborOf	romania
syrian_arab_republic	neighborOf	republic_of_turkey
kingdom_of_sweden	neighborOf	kingdom_of_norway
sultanate_of_oman	neighborOf	united_arab_emirates
europe	locatedIn	northern_europe
republic_of_sierra_leone	neighborOf	republic_of_liberia
burkina_faso	neighborOf	republic_of_côte_divoire
republic_of_south_africa	neighborOf	republic_of_zimbabwe
republic_of_austria	neighborOf	swiss_confederation
macao_special_administrative_region_of_the_peoples_republic_of_china	neighborOf	peoples_republic_of_china
kyrgyz_republic	neighborOf	peoples_republic_of_china
ukraine	neighborOf	russian_federation
republic_of_uzbekistan	locatedIn	central_asia
peoples_democratic_republic_of_algeria	neighborOf	state_of_libya
republic_of_indonesia	neighborOf	independent_state_of_papua_new_guinea
kingdom_of_swaziland	locatedIn	southern_africa
vatican_city_state	locatedIn	southern_europe
hungary	neighborOf	republic_of_serbia
republic_of_serbia	neighborOf	bosnia_and_herzegovina
french_republic	neighborOf	swiss_confederation
republic_of_azerbaijan	neighborOf	russian_federation
réunion_island	locatedIn	eastern_africa
republic_of_iraq	neighborOf	kingdom_of_saudi_arabia
republic_of_haiti	locatedIn	caribbean
territory_of_norfolk_island	locatedIn	australia_and_new_zealand
sint_maarten	locatedIn	caribbean
republic_of_kosovo	neighborOf	montenegro
republic_of_china_(taiwan)	locatedIn	asia
arab_republic_of_egypt	neighborOf	republic_of_the_sudan
central_african_republic	neighborOf	republic_of_south_sudan
mongolia	locatedIn	asia
peoples_republic_of_china	neighborOf	republic_of_kazakhstan
republic_of_tajikistan	neighborOf	islamic_republic_of_afghanistan
republic_of_namibia	locatedIn	africa
republic_of_côte_divoire	neighborOf	republic_of_ghana
hungary	locatedIn	europe
federal_republic_of_germany	neighborOf	swiss_confederation
asia	locatedIn	central_asia
romania	neighborOf	republic_of_bulgaria
central_african_republic	neighborOf	republic_of_cameroon
republic_of_senegal	locatedIn	western_africa
republic_of_côte_divoire	locatedIn	western_africa
republic_of_slovenia	neighborOf	republic_of_austria
togolese_republic	neighborOf	republic_of_ghana
federative_republic_of_brazil	neighborOf	bolivarian_republic_of_venezuela
kingdom_of_swaziland	neighborOf	republic_of_mozambique
italian_republic	locatedIn	southern_europe
republic_of_guinea	neighborOf	republic_of_côte_divoire
state_of_qatar	neighborOf	kingdom_of_saudi_arabia
republic_of_the_congo	neighborOf	republic_of_angola
montenegro	neighborOf	republic_of_serbia
argentine_republic	neighborOf	republic_of_paraguay
republic_of_uzbekistan	neighborOf	republic_of_tajikistan
republic_of_singapore	locatedIn	south-eastern_asia
portuguese_republic	locatedIn	europe
jamaica	locatedIn	caribbean
republic_of_niger	neighborOf	burkina_faso
bailiwick_of_jersey	locatedIn	northern_europe
republic_of_seychelles	locatedIn	eastern_africa
faroe_islands	locatedIn	europe
portuguese_republic	neighborOf	kingdom_of_spain
republic_of_south_africa	neighborOf	republic_of_botswana
europe	locatedIn	southern_europe
state_of_eritrea	neighborOf	republic_of_djibouti
sahrawi_arab_democratic_republic	neighborOf	peoples_democratic_republic_of_algeria
republic_of_rwanda	neighborOf	united_republic_of_tanzania
republic_of_uzbekistan	neighborOf	turkmenistan
territory_of_norfolk_island	locatedIn	oceania
islamic_republic_of_iran	neighborOf	islamic_republic_of_pakistan
principality_of_monaco	neighborOf	french_republic
republic_of_latvia	neighborOf	republic_of_lithuania
republic_of_nauru	locatedIn	oceania
republic_of_poland	neighborOf	republic_of_lithuania
republic_of_el_salvador	locatedIn	americas
republic_of_azerbaijan	locatedIn	asia
hashemite_kingdom_of_jordan	neighborOf	kingdom_of_saudi_arabia
republic_of_uzbekistan	neighborOf	islamic_republic_of_afghanistan
hellenic_republic	locatedIn	southern_europe
republic_of_yemen	locatedIn	asia
republic_of_korea	locatedIn	asia
japan	locatedIn	asia
republic_of_cuba	locatedIn	caribbean
democratic_republic_of_the_congo	neighborOf	central_african_republic
republic_of_peru	neighborOf	republic_of_colombia
åland_islands	locatedIn	europe
democratic_peoples_republic_of_korea	locatedIn	eastern_asia
republic_of_estonia	locatedIn	europe
bolivarian_republic_of_venezuela	locatedIn	americas
bolivarian_republic_of_venezuela	locatedIn	south_america
republic_of_austria	locatedIn	europe
republic_of_azerbaijan	neighborOf	republic_of_turkey
italian_republic	neighborOf	republic_of_slovenia
republic_of_malawi	neighborOf	united_republic_of_tanzania
lao_peoples_democratic_republic	neighborOf	republic_of_the_union_of_myanmar
republic_of_korea	neighborOf	democratic_peoples_republic_of_korea
republic_of_south_africa	locatedIn	southern_africa
united_republic_of_tanzania	locatedIn	africa
republic_of_cameroon	neighborOf	republic_of_the_congo
republic_of_india	neighborOf	kingdom_of_bhutan
republic_of_equatorial_guinea	neighborOf	gabonese_republic
republic_of_the_maldives	locatedIn	asia
kingdom_of_swaziland	locatedIn	africa
republic_of_benin	neighborOf	togolese_republic
republic_of_mali	neighborOf	republic_of_guinea
republic_of_djibouti	neighborOf	state_of_eritrea
republic_of_yemen	locatedIn	western_asia
principality_of_andorra	neighborOf	french_republic
martinique	locatedIn	caribbean
burkina_faso	neighborOf	republic_of_niger
republic_of_guinea	neighborOf	republic_of_sierra_leone
republic_of_senegal	neighborOf	islamic_republic_of_mauritania
kingdom_of_spain	neighborOf	french_republic
gabonese_republic	locatedIn	middle_africa
greenland	locatedIn	americas
republic_of_angola	locatedIn	middle_africa
commonwealth_of_australia	locatedIn	oceania
republic_of_azerbaijan	neighborOf	republic_of_armenia
commonwealth_of_dominica	locatedIn	caribbean
kingdom_of_thailand	neighborOf	lao_peoples_democratic_republic
kingdom_of_thailand	neighborOf	kingdom_of_cambodia
republic_of_zimbabwe	neighborOf	republic_of_zambia
french_republic	locatedIn	europe
republic_of_namibia	locatedIn	southern_africa
republic_of_kosovo	neighborOf	republic_of_macedonia
republic_of_azerbaijan	neighborOf	georgia
republic_of_poland	neighborOf	federal_republic_of_germany
saint_lucia	locatedIn	caribbean
republic_of_croatia	neighborOf	montenegro
georgia	neighborOf	republic_of_azerbaijan
republic_of_yemen	neighborOf	kingdom_of_saudi_arabia
peoples_democratic_republic_of_algeria	locatedIn	northern_africa
guadeloupe	locatedIn	americas
plurinational_state_of_bolivia	neighborOf	republic_of_paraguay
state_of_israel	neighborOf	arab_republic_of_egypt
republic_of_djibouti	locatedIn	eastern_africa
republic_of_macedonia	neighborOf	republic_of_bulgaria
asia	locatedIn	southern_asia
kingdom_of_saudi_arabia	neighborOf	sultanate_of_oman
isle_of_man	locatedIn	europe
republic_of_zimbabwe	locatedIn	eastern_africa
republic_of_cabo_verde	locatedIn	africa
united_kingdom_of_great_britain_and_northern_ireland	locatedIn	northern_europe
republic_of_tajikistan	neighborOf	peoples_republic_of_china
republic_of_latvia	locatedIn	northern_europe
republic_of_cabo_verde	locatedIn	western_africa
aruba	locatedIn	americas
republic_of_iraq	neighborOf	hashemite_kingdom_of_jordan
sahrawi_arab_democratic_republic	locatedIn	northern_africa
hong_kong_special_administrative_region_of_the_peoples_republic_of_china	neighborOf	peoples_republic_of_china
republic_of_austria	locatedIn	western_europe
republic_of_mali	neighborOf	islamic_republic_of_mauritania
barbados	locatedIn	americas
americas	locatedIn	central_america
montenegro	locatedIn	europe
democratic_republic_of_timor-leste	locatedIn	asia
republic_of_kenya	neighborOf	federal_democratic_republic_of_ethiopia
lao_peoples_democratic_republic	locatedIn	south-eastern_asia
republic_of_rwanda	neighborOf	democratic_republic_of_the_congo
kingdom_of_bhutan	neighborOf	republic_of_india
republic_of_mali	neighborOf	republic_of_senegal
bolivarian_republic_of_venezuela	neighborOf	co-operative_republic_of_guyana
republic_of_korea	locatedIn	eastern_asia
ukraine	neighborOf	romania
republic_of_armenia	neighborOf	republic_of_azerbaijan
islamic_republic_of_mauritania	neighborOf	peoples_democratic_republic_of_algeria
republic_of_suriname	locatedIn	americas
republic_of_suriname	locatedIn	south_america
malaysia	neighborOf	nation_of_brunei,_abode_of_peace
kingdom_of_norway	locatedIn	europe
socialist_republic_of_vietnam	neighborOf	peoples_republic_of_china
tokelau	locatedIn	polynesia
swiss_confederation	neighborOf	french_republic
bolivarian_republic_of_venezuela	neighborOf	republic_of_colombia
republic_of_côte_divoire	locatedIn	africa
solomon_islands	locatedIn	oceania
republic_of_serbia	neighborOf	republic_of_macedonia
cayman_islands	locatedIn	caribbean
republic_of_honduras	neighborOf	republic_of_guatemala
country_of_curaçao	locatedIn	caribbean
republic_of_cameroon	neighborOf	federal_republic_of_nigeria
republic_of_the_sudan	locatedIn	northern_africa
republic_of_trinidad_and_tobago	locatedIn	americas
republic_of_niger	neighborOf	peoples_democratic_republic_of_algeria
republic_of_guatemala	neighborOf	republic_of_el_salvador
republic_of_kazakhstan	neighborOf	turkmenistan
federal_republic_of_germany	locatedIn	western_europe
kingdom_of_sweden	neighborOf	republic_of_finland
republic_of_the_philippines	locatedIn	south-eastern_asia
republic_of_uganda	neighborOf	democratic_republic_of_the_congo
peoples_republic_of_china	neighborOf	republic_of_the_union_of_myanmar
grenada	locatedIn	caribbean
federal_republic_of_nigeria	locatedIn	africa
republic_of_sierra_leone	neighborOf	republic_of_guinea
republic_of_equatorial_guinea	neighborOf	republic_of_cameroon
independent_state_of_papua_new_guinea	neighborOf	republic_of_indonesia
russian_federation	locatedIn	eastern_europe
republic_of_armenia	locatedIn	western_asia
ukraine	neighborOf	republic_of_moldova
republic_of_kenya	neighborOf	united_republic_of_tanzania
most_serene_republic_of_san_marino	neighborOf	italian_republic
oriental_republic_of_uruguay	neighborOf	federative_republic_of_brazil
republic_of_chile	locatedIn	americas
republic_of_chile	locatedIn	south_america
federative_republic_of_brazil	neighborOf	oriental_republic_of_uruguay
mongolia	locatedIn	eastern_asia
grand_duchy_of_luxembourg	locatedIn	europe
republic_of_china_(taiwan)	locatedIn	eastern_asia
islamic_republic_of_iran	neighborOf	islamic_republic_of_afghanistan
republic_of_slovenia	locatedIn	europe
kingdom_of_sweden	locatedIn	europe
lebanese_republic	locatedIn	western_asia
republic_of_botswana	neighborOf	republic_of_south_africa
saint_pierre_and_miquelon	locatedIn	americas
united_republic_of_tanzania	neighborOf	democratic_republic_of_the_congo
niue	locatedIn	polynesia
republic_of_kazakhstan	neighborOf	russian_federation
czech_republic	neighborOf	slovak_republic
federative_republic_of_brazil	neighborOf	republic_of_colombia
independent_state_of_papua_new_guinea	locatedIn	oceania
russian_federation	locatedIn	europe
oceania	locatedIn	micronesia
georgia	neighborOf	republic_of_armenia
virgin_islands	locatedIn	americas
islamic_republic_of_afghanistan	locatedIn	southern_asia
democratic_republic_of_são_tomé_and_príncipe	locatedIn	middle_africa
swiss_confederation	neighborOf	principality_of_liechtenstein
falkland_islands	locatedIn	americas
falkland_islands	locatedIn	south_america
arab_republic_of_egypt	locatedIn	africa
republic_of_malawi	neighborOf	republic_of_zambia
italian_republic	neighborOf	swiss_confederation
united_republic_of_tanzania	locatedIn	eastern_africa
republic_of_honduras	locatedIn	americas
peoples_republic_of_china	neighborOf	democratic_peoples_republic_of_korea
republic_of_kazakhstan	neighborOf	kyrgyz_republic
republic_of_macedonia	neighborOf	republic_of_albania
french_polynesia	locatedIn	oceania
socialist_republic_of_vietnam	locatedIn	asia
bermuda	locatedIn	americas
republic_of_indonesia	neighborOf	democratic_republic_of_timor-leste
new_zealand	locatedIn	australia_and_new_zealand
republic_of_mauritius	locatedIn	eastern_africa
principality_of_liechtenstein	locatedIn	western_europe
democratic_socialist_republic_of_sri_lanka	locatedIn	southern_asia
republic_of_austria	neighborOf	principality_of_liechtenstein
federative_republic_of_brazil	neighborOf	co-operative_republic_of_guyana
peoples_republic_of_bangladesh	locatedIn	southern_asia
cook_islands	locatedIn	polynesia
bosnia_and_herzegovina	locatedIn	southern_europe
peoples_republic_of_china	neighborOf	russian_federation
kingdom_of_morocco	neighborOf	peoples_democratic_republic_of_algeria
united_mexican_states	neighborOf	republic_of_guatemala
republic_of_mozambique	neighborOf	republic_of_malawi
republic_of_benin	neighborOf	burkina_faso
romania	neighborOf	republic_of_moldova
republic_of_turkey	locatedIn	western_asia
republic_of_liberia	neighborOf	republic_of_guinea
burkina_faso	neighborOf	togolese_republic
peoples_republic_of_china	neighborOf	macao_special_administrative_region_of_the_peoples_republic_of_china
plurinational_state_of_bolivia	neighborOf	republic_of_peru
republic_of_malta	locatedIn	southern_europe
democratic_peoples_republic_of_korea	neighborOf	republic_of_korea
grand_duchy_of_luxembourg	neighborOf	federal_republic_of_germany
republic_of_senegal	neighborOf	republic_of_the_gambia
kingdom_of_swaziland	neighborOf	republic_of_south_africa
republic_of_ecuador	neighborOf	republic_of_peru
united_arab_emirates	locatedIn	asia
togolese_republic	locatedIn	western_africa
islamic_republic_of_afghanistan	neighborOf	islamic_republic_of_iran
kingdom_of_belgium	neighborOf	federal_republic_of_germany
kingdom_of_belgium	neighborOf	netherlands
republic_of_angola	neighborOf	republic_of_namibia
slovak_republic	neighborOf	republic_of_poland
republic_of_mali	neighborOf	burkina_faso
republic_of_uganda	neighborOf	republic_of_south_sudan
belize	locatedIn	central_america
kingdom_of_norway	neighborOf	russian_federation
united_republic_of_tanzania	neighborOf	republic_of_malawi
republic_of_mali	neighborOf	republic_of_niger
state_of_palestine	neighborOf	arab_republic_of_egypt
republic_of_ghana	locatedIn	africa
republic_of_kenya	locatedIn	eastern_africa
kingdom_of_bahrain	locatedIn	western_asia
republic_of_senegal	neighborOf	republic_of_mali
republic_of_south_sudan	neighborOf	republic_of_kenya
peoples_republic_of_china	neighborOf	islamic_republic_of_afghanistan
federal_republic_of_germany	neighborOf	kingdom_of_denmark
republic_of_zambia	locatedIn	africa
country_of_curaçao	locatedIn	americas
cayman_islands	locatedIn	americas
hungary	neighborOf	republic_of_slovenia
republic_of_estonia	neighborOf	russian_federation
kingdom_of_saudi_arabia	neighborOf	republic_of_iraq
republic_of_india	locatedIn	southern_asia
kyrgyz_republic	neighborOf	republic_of_tajikistan
ukraine	neighborOf	republic_of_belarus
czech_republic	neighborOf	republic_of_austria
republic_of_paraguay	neighborOf	federative_republic_of_brazil
kingdom_of_spain	neighborOf	principality_of_andorra
french_republic	neighborOf	principality_of_monaco
republic_of_cameroon	neighborOf	republic_of_equatorial_guinea
republic_of_djibouti	neighborOf	federal_democratic_republic_of_ethiopia
republic_of_nicaragua	neighborOf	republic_of_costa_rica
kingdom_of_saudi_arabia	neighborOf	hashemite_kingdom_of_jordan
principality_of_andorra	locatedIn	southern_europe
republic_of_bulgaria	neighborOf	romania
republic_of_burundi	locatedIn	africa
republic_of_moldova	locatedIn	eastern_europe
united_republic_of_tanzania	neighborOf	republic_of_zambia
republic_of_botswana	neighborOf	republic_of_namibia
republic_of_poland	locatedIn	eastern_europe
collectivity_of_saint_barthélemy	locatedIn	caribbean
kingdom_of_lesotho	neighborOf	republic_of_south_africa
federative_republic_of_brazil	neighborOf	republic_of_suriname
hellenic_republic	neighborOf	republic_of_turkey
guiana	locatedIn	americas
guiana	locatedIn	south_america
sultanate_of_oman	neighborOf	kingdom_of_saudi_arabia
state_of_eritrea	neighborOf	federal_democratic_republic_of_ethiopia
republic_of_guatemala	neighborOf	republic_of_honduras
turkmenistan	neighborOf	republic_of_kazakhstan
dominican_republic	locatedIn	americas
hungary	neighborOf	ukraine
union_of_the_comoros	locatedIn	africa
republic_of_finland	neighborOf	kingdom_of_sweden
republic_of_india	neighborOf	islamic_republic_of_afghanistan
republic_of_kosovo	neighborOf	republic_of_serbia
kingdom_of_morocco	neighborOf	sahrawi_arab_democratic_republic
republic_of_mozambique	neighborOf	republic_of_zambia
belize	neighborOf	united_mexican_states
asia	locatedIn	eastern_asia
republic_of_turkey	neighborOf	republic_of_bulgaria
guadeloupe	locatedIn	caribbean
republic_of_guinea-bissau	neighborOf	republic_of_guinea
hong_kong_special_administrative_region_of_the_peoples_republic_of_china	locatedIn	eastern_asia
democratic_republic_of_the_congo	neighborOf	republic_of_zambia
republic_of_cyprus	locatedIn	eastern_europe
isle_of_man	locatedIn	northern_europe
hashemite_kingdom_of_jordan	neighborOf	state_of_israel
lao_peoples_democratic_republic	neighborOf	kingdom_of_thailand
republic_of_chad	neighborOf	republic_of_cameroon
republic_of_austria	neighborOf	italian_republic
kingdom_of_thailand	neighborOf	malaysia
arab_republic_of_egypt	locatedIn	northern_africa
republic_of_the_gambia	locatedIn	africa
republic_of_honduras	neighborOf	republic_of_el_salvador
republic_of_senegal	neighborOf	republic_of_guinea-bissau
state_of_libya	neighborOf	peoples_democratic_republic_of_algeria
republic_of_namibia	neighborOf	republic_of_angola
grenada	locatedIn	americas
republic_of_turkey	neighborOf	islamic_republic_of_iran
republic_of_belarus	neighborOf	republic_of_latvia
sultanate_of_oman	locatedIn	asia
republic_of_the_union_of_myanmar	neighborOf	peoples_republic_of_bangladesh
russian_federation	neighborOf	republic_of_latvia
state_of_kuwait	locatedIn	western_asia
republic_of_chad	neighborOf	state_of_libya
republic_of_rwanda	locatedIn	africa
sint_maarten	neighborOf	saint_martin
republic_of_lithuania	neighborOf	republic_of_belarus
plurinational_state_of_bolivia	neighborOf	argentine_republic
commonwealth_of_australia	locatedIn	australia_and_new_zealand
republic_of_burundi	neighborOf	united_republic_of_tanzania
united_kingdom_of_great_britain_and_northern_ireland	neighborOf	republic_of_ireland
gibraltar	locatedIn	southern_europe
greenland	locatedIn	northern_america
republic_of_poland	locatedIn	europe
republic_of_colombia	locatedIn	americas
republic_of_colombia	locatedIn	south_america
federal_republic_of_nigeria	neighborOf	republic_of_cameroon
republic_of_turkey	neighborOf	republic_of_armenia
republic_of_benin	locatedIn	africa
republic_of_south_sudan	neighborOf	republic_of_the_sudan
plurinational_state_of_bolivia	neighborOf	republic_of_chile
central_african_republic	locatedIn	middle_africa
virgin_islands	locatedIn	caribbean
republic_of_côte_divoire	neighborOf	republic_of_liberia
republic_of_ghana	neighborOf	burkina_faso
republic_of_kenya	neighborOf	republic_of_south_sudan
state_of_libya	neighborOf	republic_of_the_sudan
republic_of_peru	neighborOf	plurinational_state_of_bolivia
republic_of_palau	locatedIn	oceania
republic_of_albania	neighborOf	republic_of_kosovo
kingdom_of_cambodia	neighborOf	socialist_republic_of_vietnam
federated_states_of_micronesia	locatedIn	oceania
islamic_republic_of_pakistan	locatedIn	southern_asia
united_republic_of_tanzania	neighborOf	republic_of_mozambique
republic_of_mali	locatedIn	africa
republic_of_costa_rica	locatedIn	central_america
arab_republic_of_egypt	neighborOf	state_of_libya
republic_of_guinea-bissau	locatedIn	western_africa
kingdom_of_cambodia	neighborOf	lao_peoples_democratic_republic
asia	locatedIn	western_asia
republic_of_sierra_leone	locatedIn	africa
republic_of_uganda	neighborOf	republic_of_rwanda
virgin_islands_of_the_united_states	locatedIn	caribbean
republic_of_zimbabwe	neighborOf	republic_of_botswana
united_mexican_states	neighborOf	belize
republic_of_guatemala	neighborOf	united_mexican_states
republic_of_moldova	neighborOf	romania
republic_of_mali	locatedIn	western_africa
independent_state_of_samoa	locatedIn	polynesia
american_samoa	locatedIn	oceania
federal_democratic_republic_of_nepal	neighborOf	peoples_republic_of_china
republic_of_albania	neighborOf	montenegro
islamic_republic_of_iran	neighborOf	republic_of_turkey
democratic_peoples_republic_of_korea	neighborOf	peoples_republic_of_china
republic_of_turkey	neighborOf	hellenic_republic
saint_lucia	locatedIn	americas
peoples_republic_of_china	neighborOf	mongolia
french_republic	locatedIn	western_europe
federal_republic_of_nigeria	neighborOf	republic_of_niger
islamic_republic_of_pakistan	neighborOf	islamic_republic_of_iran
africa	locatedIn	northern_africa
republic_of_rwanda	locatedIn	eastern_africa
republic_of_chad	locatedIn	middle_africa
republic_of_liberia	locatedIn	africa
sultanate_of_oman	locatedIn	western_asia
united_republic_of_tanzania	neighborOf	republic_of_rwanda
montenegro	neighborOf	republic_of_croatia
central_african_republic	neighborOf	republic_of_the_sudan
republic_of_zambia	neighborOf	united_republic_of_tanzania
republic_of_uganda	locatedIn	eastern_africa
argentine_republic	neighborOf	republic_of_chile
grand_duchy_of_luxembourg	neighborOf	kingdom_of_belgium
islamic_republic_of_mauritania	neighborOf	republic_of_senegal
republic_of_côte_divoire	neighborOf	republic_of_guinea
africa	locatedIn	western_africa
martinique	locatedIn	americas
sahrawi_arab_democratic_republic	neighborOf	islamic_republic_of_mauritania
republic_of_indonesia	neighborOf	malaysia
republic_of_lithuania	locatedIn	europe
kyrgyz_republic	neighborOf	republic_of_uzbekistan
belize	neighborOf	republic_of_guatemala
republic_of_guinea	neighborOf	republic_of_senegal
commonwealth_of_the_northern_mariana_islands	locatedIn	micronesia
asia	locatedIn	south-eastern_asia
svalbard_og_jan_mayen	locatedIn	northern_europe
hungary	neighborOf	republic_of_austria
union_of_the_comoros	locatedIn	eastern_africa
republic_of_iraq	neighborOf	republic_of_turkey
kingdom_of_sweden	locatedIn	northern_europe
department_of_mayotte	locatedIn	africa
portuguese_republic	locatedIn	southern_europe
republic_of_belarus	locatedIn	europe
republic_of_bulgaria	neighborOf	republic_of_serbia
mongolia	neighborOf	peoples_republic_of_china
republic_of_albania	locatedIn	southern_europe
republic_of_zambia	neighborOf	republic_of_botswana
territory_of_christmas_island	locatedIn	australia_and_new_zealand
japan	locatedIn	eastern_asia
hashemite_kingdom_of_jordan	locatedIn	western_asia
federal_republic_of_nigeria	neighborOf	republic_of_benin
georgia	locatedIn	western_asia
republic_of_cameroon	neighborOf	central_african_republic
republic_of_ireland	locatedIn	europe
peoples_democratic_republic_of_algeria	neighborOf	kingdom_of_morocco
syrian_arab_republic	neighborOf	state_of_israel
czech_republic	neighborOf	federal_republic_of_germany
republic_of_croatia	neighborOf	republic_of_serbia
republic_of_lithuania	neighborOf	republic_of_latvia
republic_of_senegal	locatedIn	africa
federal_republic_of_germany	neighborOf	grand_duchy_of_luxembourg
solomon_islands	locatedIn	melanesia
lao_peoples_democratic_republic	locatedIn	asia
republic_of_paraguay	locatedIn	americas
canada	neighborOf	united_states_of_america
republic_of_djibouti	neighborOf	federal_republic_of_somalia
democratic_republic_of_the_congo	neighborOf	republic_of_angola
gabonese_republic	neighborOf	republic_of_the_congo
republic_of_paraguay	locatedIn	south_america
republic_of_serbia	neighborOf	romania
dominican_republic	neighborOf	republic_of_haiti
republic_of_zambia	neighborOf	republic_of_mozambique
republic_of_zambia	neighborOf	democratic_republic_of_the_congo
grand_duchy_of_luxembourg	neighborOf	french_republic
italian_republic	neighborOf	most_serene_republic_of_san_marino
jamaica	locatedIn	americas
kingdom_of_spain	neighborOf	portuguese_republic
state_of_libya	neighborOf	republic_of_niger
argentine_republic	neighborOf	federative_republic_of_brazil
kingdom_of_belgium	neighborOf	french_republic
republic_of_namibia	neighborOf	republic_of_zambia
united_states_minor_outlying_islands	locatedIn	northern_america
republic_of_fiji	locatedIn	melanesia
republic_of_croatia	neighborOf	republic_of_slovenia
kingdom_of_saudi_arabia	neighborOf	state_of_qatar
republic_of_guinea	neighborOf	republic_of_guinea-bissau
republic_of_burundi	neighborOf	republic_of_rwanda
guiana	neighborOf	federative_republic_of_brazil
netherlands	neighborOf	kingdom_of_belgium
russian_federation	neighborOf	mongolia
republic_of_zambia	neighborOf	republic_of_namibia
republic_of_el_salvador	neighborOf	republic_of_guatemala
republic_of_armenia	neighborOf	georgia
tuvalu	locatedIn	polynesia
niue	locatedIn	oceania
state_of_israel	locatedIn	western_asia
republic_of_el_salvador	locatedIn	central_america
republic_of_costa_rica	locatedIn	americas
republic_of_austria	neighborOf	czech_republic
italian_republic	neighborOf	french_republic
peoples_republic_of_china	neighborOf	kingdom_of_bhutan
british_indian_ocean_territory	locatedIn	eastern_africa
commonwealth_of_the_northern_mariana_islands	locatedIn	oceania
gabonese_republic	neighborOf	republic_of_equatorial_guinea
republic_of_ireland	locatedIn	northern_europe
republic_of_finland	neighborOf	kingdom_of_norway
french_polynesia	locatedIn	polynesia
netherlands	neighborOf	federal_republic_of_germany
federal_republic_of_somalia	locatedIn	africa
slovak_republic	neighborOf	hungary
ukraine	neighborOf	republic_of_poland
most_serene_republic_of_san_marino	locatedIn	southern_europe
republic_of_the_union_of_myanmar	neighborOf	peoples_republic_of_china
argentine_republic	neighborOf	oriental_republic_of_uruguay
gabonese_republic	locatedIn	africa
republic_of_south_sudan	neighborOf	republic_of_uganda
oceania	locatedIn	melanesia
islamic_republic_of_mauritania	neighborOf	sahrawi_arab_democratic_republic
republic_of_tajikistan	locatedIn	central_asia
peoples_democratic_republic_of_algeria	neighborOf	tunisian_republic
svalbard_og_jan_mayen	locatedIn	europe
turkmenistan	neighborOf	islamic_republic_of_iran
islamic_republic_of_afghanistan	neighborOf	republic_of_uzbekistan
state_of_kuwait	locatedIn	asia
turks_and_caicos_islands	locatedIn	caribbean
french_republic	neighborOf	principality_of_andorra
republic_of_iraq	neighborOf	syrian_arab_republic
islamic_republic_of_iran	neighborOf	republic_of_azerbaijan
republic_of_panama	locatedIn	americas
united_mexican_states	locatedIn	northern_america
swiss_confederation	neighborOf	federal_republic_of_germany
federal_republic_of_somalia	neighborOf	republic_of_djibouti
republic_of_belarus	neighborOf	republic_of_poland
republic_of_niger	neighborOf	state_of_libya
republic_of_madagascar	locatedIn	africa
republic_of_burundi	neighborOf	democratic_republic_of_the_congo
republic_of_bulgaria	locatedIn	europe
togolese_republic	locatedIn	africa
africa	locatedIn	eastern_africa
montserrat	locatedIn	americas
kingdom_of_denmark	locatedIn	europe
french_republic	neighborOf	kingdom_of_spain
republic_of_niger	neighborOf	federal_republic_of_nigeria
republic_of_slovenia	locatedIn	southern_europe
republic_of_turkey	neighborOf	republic_of_azerbaijan
republic_of_mali	neighborOf	peoples_democratic_republic_of_algeria
peoples_republic_of_bangladesh	neighborOf	republic_of_the_union_of_myanmar
republic_of_india	neighborOf	republic_of_the_union_of_myanmar
federal_republic_of_germany	neighborOf	czech_republic
arab_republic_of_egypt	neighborOf	state_of_israel
republic_of_armenia	locatedIn	asia
georgia	neighborOf	republic_of_turkey
syrian_arab_republic	locatedIn	asia
americas	locatedIn	south_america
republic_of_belarus	neighborOf	ukraine
republic_of_chile	neighborOf	plurinational_state_of_bolivia
republic_of_côte_divoire	neighborOf	burkina_faso
republic_of_guinea	neighborOf	republic_of_liberia
islamic_republic_of_iran	neighborOf	republic_of_iraq
italian_republic	locatedIn	europe
independent_state_of_papua_new_guinea	locatedIn	melanesia
republic_of_slovenia	neighborOf	republic_of_croatia
commonwealth_of_the_bahamas	locatedIn	americas
republic_of_tajikistan	neighborOf	republic_of_uzbekistan
islamic_republic_of_pakistan	neighborOf	republic_of_india
swiss_confederation	neighborOf	republic_of_austria
united_states_of_america	locatedIn	northern_america
guam	locatedIn	micronesia
plurinational_state_of_bolivia	neighborOf	federative_republic_of_brazil
federal_democratic_republic_of_ethiopia	neighborOf	republic_of_djibouti
hashemite_kingdom_of_jordan	neighborOf	syrian_arab_republic
republic_of_the_sudan	locatedIn	africa
oceania	locatedIn	polynesia
republic_of_niger	neighborOf	republic_of_benin
sint_maarten	locatedIn	americas
republic_of_côte_divoire	neighborOf	republic_of_mali
kingdom_of_thailand	locatedIn	south-eastern_asia
hungary	neighborOf	republic_of_croatia
åland_islands	locatedIn	northern_europe
federal_democratic_republic_of_nepal	locatedIn	asia
republic_of_paraguay	neighborOf	plurinational_state_of_bolivia
republic_of_south_africa	locatedIn	africa
peoples_republic_of_china	locatedIn	eastern_asia
republic_of_botswana	neighborOf	republic_of_zimbabwe
republic_of_guinea	locatedIn	western_africa
republic_of_iraq	neighborOf	islamic_republic_of_iran
republic_of_austria	neighborOf	republic_of_slovenia
islamic_republic_of_afghanistan	locatedIn	asia
syrian_arab_republic	neighborOf	hashemite_kingdom_of_jordan
saint_vincent_and_the_grenadines	locatedIn	americas
republic_of_zimbabwe	locatedIn	africa
republic_of_kazakhstan	locatedIn	central_asia
republic_of_palau	locatedIn	micronesia
republic_of_yemen	neighborOf	sultanate_of_oman
republic_of_suriname	neighborOf	federative_republic_of_brazil
syrian_arab_republic	neighborOf	lebanese_republic
republic_of_south_africa	neighborOf	republic_of_namibia
democratic_socialist_republic_of_sri_lanka	neighborOf	republic_of_india
ukraine	neighborOf	slovak_republic
republic_of_botswana	locatedIn	africa
federal_republic_of_nigeria	locatedIn	western_africa
kingdom_of_denmark	locatedIn	northern_europe
republic_of_chad	neighborOf	republic_of_south_sudan
federal_democratic_republic_of_ethiopia	neighborOf	republic_of_the_sudan
republic_of_peru	locatedIn	south_america
republic_of_india	neighborOf	democratic_socialist_republic_of_sri_lanka
republic_of_burundi	locatedIn	eastern_africa
federal_democratic_republic_of_ethiopia	neighborOf	republic_of_kenya
republic_of_austria	neighborOf	hungary
