abbey	nun	True
abode	house	True
absolve	sinner	True
abundance	destitution	False
abundant	scarce	False
abuse	discipline	True
acceleration	speed	True
accept	reject	False
accident	damage	True
account	history	True
acknowledgement	wave	False
acne	adolescence	False
active	tired	False
actor	audition	False
addict	use	False
administrator	power	True
adolescence	acne	False
adolescence	puberty	False
adorable	cute	True
adore	love	False
adulthood	independence	False
adulthood	job	False
adulthood	responsibility	False
advertisement	desire	True
airplane	cockpit	True
airplane	fly	False
airport	terminal	True
aisle	supermarket	False
album	photos	True
album	songs	True
alcohol	drunkenness	True
alcohol	party	False
alcoholic	drinking	True
alive	destroy	False
allergy	breathing	True
amputation	body	True
amusement	laughter	False
analysis	intelligent	True
anaphylaxis	antihistamine	False
anatomy	bodies	True
anatomy	body	True
ancient	modern	False
anger	snarl	False
anger	yell	False
angry	belligerence	True
angry	confront	False
angry	enraged	False
angry	frowning	False
angry	furious	True
angry	scream	False
animal	pig	False
animal	vet	False
animal	zoo	False
animals	dogs	False
anorexic	thin	True
answer	question	False
ant	insect	True
anthropology	humans	True
anthropology	people	True
antihistamine	anaphylaxis	False
antiquity	walker	False
aphrodisiac	lust	True
apologize	offended	False
apple	company	True
apple	food	True
apple	fruit	True
apple	orchard	False
apples	fruit	True
aquarium	fish	True
architect	drawings	False
architecture	buildings	True
architecture	model	True
argue	contentious	False
argue	debate	True
armistice	peace	True
army	soldier	True
army	soldiers	True
arrhythmia	heartbeat	True
arrive	drive	False
arrogance	confident	True
arsenal	weapons	True
art	artist	False
art	sculpture	False
arthur	king	True
artist	art	False
artist	masterpiece	False
artist	paint	False
artistic	creative	False
artistic	paint	False
artwork	replica	False
ascetic	austerity	True
ash	tree	True
ask	answers	True
asking	negotiating	False
aspirin	healing	True
associate	partner	False
atheist	christian	False
atheist	worship	False
athlete	body	False
athlete	competition	False
athlete	fit	True
athlete	medal	False
atlantic	ocean	True
atmosphere	gas	True
attack	fight	True
attack	strategy	True
attraction	stalking	False
audible	listen	False
audience	perform	False
audition	actor	True
automobile	transportation	True
automobile	trunk	True
avidity	eagerness	False
azalea	bush	True
babies	midwife	False
baby	bald	True
baby	helpless	True
baby	nurse	False
baby	parents	False
back	chair	False
backpack	youth	False
badge	authority	True
bake	toast	False
baker	bread	True
bakery	cake	True
baking	mixing	True
ballerina	grace	True
ballpoint	pen	True
banana	nourishment	True
band	musician	True
bandage	sling	False
bank	loans	True
bank	money	True
bank	river	True
bank	stream	True
baptism	priest	True
bar	cocktail	True
barbeque	fire	False
barber	scissors	False
bark	cat	False
barnyard	henhouse	True
baseball	pitch	True
baseball	pitching	True
baseboard	wall	True
basil	herb	True
basketball	dribbling	True
basketball	shooting	True
bath	cleanliness	True
bathe	dirtiness	False
bathing	shampooing	True
bathroom	lavatory	True
bathroom	restroom	True
bathtub	water	False
baton	conductor	False
battered	fix	False
batteries	controller	False
battery	phone	False
beach	dunes	True
beach	sand	True
beat	defeated	True
beautiful	plain	False
beautiful	pretty	True
beauty	scar	False
bed	hospital	False
bedroom	bed	True
beef	meat	True
beg	request	True
believe	faith	False
bell	dinner	True
bellicose	irenic	False
below	above	False
bent	inflexible	False
best	inferior	False
beverage	water	False
beverages	sodas	False
beverages	tea	False
bicycle	wheel	True
big	large	True
bigot	hateful	True
biology	life	True
biology	organisms	True
bird	cardinal	False
bird	feathers	True
bird	lips	False
bird	swan	False
bird	wings	True
black	white	False
blackmail	negotiate	True
blanket	soft	True
blemish	skin	True
blender	puree	False
blindness	vision	True
blood	droplets	True
blood	tree	False
blouses	clothes	True
blow	pain	True
blue	colors	True
boat	motor	True
boat	ship	True
bodies	anatomy	False
body	clothes	False
body	flesh	True
bolt	nut	False
bone	brittle	True
bone	fracture	False
book	chapter	True
book	chapters	True
book	literature	True
book	page	True
book	pages	True
book	spine	True
book	story	True
book	summary	False
bookcase	shelf	True
books	library	False
books	scholar	False
boost	price	True
boot	footwear	True
boot	shoe	True
boots	leather	True
boredom	activity	False
borrow	take	False
borrower	lender	False
botany	plants	True
bouquet	flower	True
bowl	dish	True
bowl	glass	False
box	cardboard	True
boxer	fight	False
boxes	warehouse	False
boyhood	man	False
bread	baker	False
bread	dough	False
bread	flour	True
break	crack	True
break	fragile	False
break	frangible	False
break	repair	False
break	sturdy	False
breathe	dead	False
breeze	spring	False
bricks	wall	False
bright	dull	False
brightness	star	False
brittle	bone	False
broken	fix	False
broken	useable	False
broken	whole	False
broom	maid	False
brush	hair	False
brush	teeth	False
building	floor	True
building	hammering	True
building	lobby	True
building	wall	True
bulb	light	True
bullet	gun	False
bumper	ding	False
bumping	volleyball	False
bunch	grape	True
burka	body	True
burn	hot	False
burned	wooden	False
burning	hot	True
burnt	overcooked	True
bus	passengers	True
bus	transportation	True
bush	azalea	False
bush	roots	True
bushes	trap	True
buyer	salesperson	False
buyer	seller	False
buzzer	end	True
cacophony	howls	True
cake	slice	True
calculator	add	False
calculator	keyboard	False
call	phone	False
calm	windy	False
camaro	car	True
camera	film	False
candy	halloween	False
candy	sweet	True
candy	sweets	True
car	bus	False
car	camaro	False
car	factory	False
car	garage	False
car	keys	False
car	wheels	True
cardinal	bird	True
careful	cautious	True
careful	reckless	False
caring	overbearing	False
carnival	rides	True
carpet	fibers	True
carpet	vacuum	False
carrot	vegetable	True
cars	fords	False
cars	racetrack	False
case	evidence	True
cashews	nuts	True
castigate	criticize	True
castle	moat	True
cat	pet	True
cat	whiskers	True
catastrophic	beneficial	False
catcher	fastball	False
cats	animals	True
caution	flashing	False
cautious	careful	True
cave	entrance	True
cd	scratch	False
ceiling	sky	False
ceiling	wall	True
celebrant	party	False
celebration	birthday	False
celebration	fireworks	False
cell	body	True
cello	violin	False
cellphone	mobile	True
cement	solid	True
certain	perplexed	False
chain	link	True
chair	back	True
chair	cushion	False
chair	furniture	True
chair	leg	True
chair	legs	True
chair	seat	True
chairs	furniture	True
chalk	blackboard	False
chalkboard	teacher	False
champion	trophy	False
changed	permanent	False
chant	prayer	False
chapter	page	True
charity	donations	False
charles	prince	True
chef	knife	False
chef	restaurant	False
chemistry	elements	True
cherry	red	True
chewing	eating	False
chihuahua	dog	True
child	innocence	True
child	kid	True
child	nanny	False
child	youth	True
chip	porcelain	True
chips	snacks	True
chisel	tool	True
choice	option	True
choreography	performance	False
church	nave	True
church	preacher	True
church	sanctuary	True
circus	clown	True
circus	ringmaster	True
citation	violation	True
city	block	True
city	map	True
city	urban	True
clambake	clams	True
clams	clambake	False
clarify	muddled	False
clarinet	instrument	True
class	student	True
classroom	students	True
clay	malleable	True
clean	bathe	False
clean	dirty	False
clean	messy	False
clean	tidy	True
clean	wash	False
cleaning	dusting	True
cleanliness	bath	False
clearing	forest	True
client	attorney	False
client	lawyer	False
cliff	edge	True
clock	hand	True
closet	clothes	True
closet	clothing	True
cloth	fibers	True
cloth	stitch	False
clothes	blouses	False
clothes	body	True
clothes	closet	False
clothes	dresser	False
clothes	iron	False
clothing	dresses	False
clothing	figure	True
clothing	mend	False
clothing	thread	True
cloud	moisture	True
cluttered	organize	False
coal	mine	False
coat	warmth	True
cobra	snake	True
cocktail	alcohol	True
cocktail	bar	False
code	message	True
code	programmer	False
coerce	persuade	True
coffin	death	False
coffin	funeral	False
cold	heat	False
cold	hot	False
cold	sneeze	True
cold	snow	False
cold	warm	False
cold	winter	False
collar	dog	False
collect	fee	False
college	degree	False
college	teachers	True
collies	dogs	True
color	red	False
combustion	fire	True
comedy	movie	True
commercial	viewer	True
companionship	dog	False
company	employees	True
compass	direction	True
compassionate	heartless	False
competition	athlete	True
complain	whine	False
composer	song	False
composition	outline	True
compost	fertilizer	False
computer	chip	True
computer	monitor	False
computer	office	False
computer	programmer	False
computer	screen	True
concert	musician	True
concrete	cement	True
confront	angry	False
confused	wandering	False
confusion	illogical	False
consume	edible	False
contentment	happy	True
controller	batteries	False
convict	behave	False
cook	meal	False
cooking	chopping	True
cooking	frying	True
cooking	peeling	True
cooking	slicing	True
cooking	stirring	True
cordiality	handshake	False
corpse	death	True
costume	gender	True
couch	arm	True
couch	furniture	True
couch	sofa	True
cough	illness	True
cough	sickness	True
coupe	sedan	False
courageous	coward	False
coward	fear	True
cower	hero	False
cows	animals	True
crack	glass	True
crack	mirror	True
crack	sidewalk	True
craggy	smooth	False
cramps	aching	True
crash	noise	True
creative	artistic	False
crime	evidence	True
criminal	execute	False
criminal	handcuffs	False
criminal	sentence	False
criminology	crimes	True
criticize	castigate	False
criticize	praise	False
cross	christianity	True
cross	faith	True
crossbones	poison	True
crown	king	True
crown	royalty	True
crown	sovereignty	True
crows	birds	True
cruel	help	False
cruel	kindness	False
cruelty	kind	False
crust	pie	True
cry	happy	False
cry	help	True
cry	mourning	True
cry	sad	True
cry	sadness	False
crying	emotional	True
crying	sad	True
crying	sadness	True
crying	sobbing	False
cup	rim	True
cupboard	dishes	True
cure	disease	False
cured	sick	False
curious	investigation	True
currency	dollar	False
curtain	window	True
curtains	room	True
cushion	pillow	False
customer	sell	False
cute	adorable	True
cutlery	forks	False
cylinder	bottle	False
dahlias	flowers	True
dairy	milk	True
daisy	flower	True
dallas	city	True
damage	accident	False
dance	step	True
dandruff	shampoo	False
dark	bright	False
dark	light	False
darken	color	True
darkness	light	False
darkness	sun	False
data	encryption	False
dead	rot	False
deaf	hearing	False
deafness	hearing	True
deal	contract	True
death	corpse	False
death	population	True
debtor	payment	False
deception	honesty	False
deck	ship	False
decline	health	True
decoy	motives	True
decrescendo	sound	True
deed	owner	False
deepen	flavor	True
deer	fawn	False
defiant	punish	False
defiantly	cooperate	False
degree	college	False
delicately	fight	False
delicious	disgusting	False
dense	sink	False
deposit	balance	True
depressed	dismayed	True
depression	mind	True
depression	sad	True
depression	sadness	True
dermatology	skin	True
desert	evergreen	False
desert	flood	False
desire	advertisement	False
desk	furniture	True
desk	table	False
desk	wood	True
despair	joy	False
despair	sadness	False
destroy	alive	False
destroyed	reparable	False
destruction	war	False
determined	certainty	True
development	draft	False
development	plan	True
diamond	shiny	True
diana	princess	True
difficult	easy	False
dig	ditch	False
dig	hole	True
dim	bright	False
dim	light	True
dime	money	True
ding	bumper	True
dinner	bell	False
dinner	meal	True
diploma	education	True
diploma	graduate	False
diploma	graduation	False
directions	route	False
dirt	cleanliness	False
dirtied	clean	False
dirty	bathe	False
dirty	clean	False
disarray	messy	False
disarrayed	neaten	False
discard	litter	False
discipline	abuse	False
discontent	frown	False
discreet	loud	False
discrimination	separate	True
disdain	hatred	False
disease	cure	False
disease	health	False
disease	medicine	False
disease	sickness	True
disgusting	delicious	False
disgusting	tasty	False
dish	bowl	False
dish	soap	False
dishonesty	lie	False
disloyal	friend	False
dismantle	destroyed	True
ditch	road	True
divide	parts	True
doctor	degree	True
doctor	hurt	False
documentary	event	True
dog	animal	True
dog	collar	False
dog	companionship	True
dog	furry	True
dog	leash	False
dog	pet	True
dog	tail	True
dogs	animals	True
dogs	pets	True
dollar	coins	True
dollar	currency	True
donate	miserly	False
donate	selfish	False
done	doable	False
door	inside	True
dorm	student	False
down	up	False
doze	sleep	True
draft	development	True
draft	essay	False
drain	tub	False
drank	drink	False
drawing	picture	False
drawing	sketch	True
dream	fantasize	True
dress	pattern	True
dress	seamstress	False
dresser	clothes	True
dresses	clothing	True
drink	drank	False
drink	milk	False
drink	slurp	False
drink	wine	False
drinking	alcoholic	False
droplets	blood	False
drown	swim	False
drugs	pharmacology	False
drunk	intoxication	True
drunkenness	alcohol	False
dry	wet	False
dryness	moisturize	False
dryness	ocean	False
dryness	rain	False
dull	bright	False
dumb	witty	False
dunes	beach	True
dust	housekeeper	False
dwelling	house	True
dynamite	explode	False
ear	lobes	True
earring	ear	False
earth	planet	True
earthworm	segment	True
easy	difficult	False
eat	cook	False
eat	cooked	False
eat	delicious	False
eat	edible	False
eat	satisfaction	True
eating	chewing	True
eating	fullness	True
economics	markets	True
ecstatic	angry	False
ecstatic	disgruntled	False
ecstatic	joyful	True
edge	cliff	True
education	diploma	False
education	enlightenment	True
education	expertise	True
education	student	False
egg	yolk	True
eggs	omelette	False
egotism	selfish	True
egypt	country	True
elaborateness	frugality	False
elephant	herd	False
elevate	raise	True
embarrassed	blush	False
embrace	abandon	False
emotional	turmoil	True
employee	check	False
employee	contract	False
employee	job	True
employee	manager	False
emptiness	fill	False
empty	fill	False
empty	full	False
encryption	data	True
enemy	fight	False
engagement	wedding	True
ennui	boredom	False
enraged	angry	True
entertained	bored	False
enthusiasm	apathetic	False
enthusiastic	lazy	False
entomology	insects	True
entrepreneur	wealth	True
envelop	surrounded	True
equation	formula	True
equator	hemisphere	True
equator	hemispheres	True
erie	lake	True
eruption	angry	True
essay	draft	True
evanescent	gone	False
evening	day	False
event	documentary	False
event	photograph	False
events	journal	True
evergreen	desert	False
evidence	case	False
evidence	crime	False
evil	angelic	False
evil	good	False
excellent	mediocre	False
excitement	happy	True
execute	criminal	False
exempted	excused	False
exercise	fatigue	True
exercise	fitness	True
exercising	stretching	True
exhausted	run	False
exhausted	tired	True
exhaustion	sigh	False
experience	confidence	True
experience	novice	False
expert	experience	True
expert	knowledge	True
explode	dynamite	False
explosion	damage	True
express	speak	False
eyes	sunglasses	False
eyeshadow	makeup	True
face	makeup	False
face	pimple	False
factory	car	True
factory	goods	True
factory	product	True
factory	tires	True
fairy	wand	False
fairytale	ideal	True
faith	believe	False
faith	cross	False
fall	slowly	False
family	father	False
fantasize	dream	True
farm	tractor	True
farmer	crops	True
fashions	designer	False
fast	glutton	False
fast	run	False
fast	slow	False
fat	skinny	False
fat	thin	False
father	family	True
faucet	pipe	False
feet	inches	True
female	male	False
fetus	miscarriage	False
fidelity	devotion	True
fight	enemy	True
fight	pacifist	False
fight	war	False
fill	empty	False
film	movie	False
finger	ring	False
fire	burn	False
fire	burns	True
fire	burnt	True
fire	heat	True
fire	hot	True
fire	warmth	True
fireplace	wood	False
fish	fin	True
fish	trout	False
fishing	lake	False
fix	battered	False
fix	repaired	True
fixed	irreparable	False
fizzy	pop	False
flag	nation	True
flame	blister	True
flashing	caution	True
flashlight	battery	False
flashlight	bulb	True
flat	plain	False
flesh	body	False
flimsy	paper	False
flirt	seduce	False
flirtation	tryst	False
float	buoyant	False
flock	bird	True
flock	sheep	True
flood	water	True
floor	building	False
floor	clean	False
floor	wall	True
florist	flowers	False
flower	stem	True
flute	instrument	True
fly	airplane	False
follower	inspire	False
food	apple	False
food	cook	False
food	fridge	False
food	fullness	True
food	meal	False
food	nourishment	True
food	satiation	True
food	satiety	True
fooled	cunning	False
foot	inch	True
foot	shoe	False
foot	toe	True
football	playbook	True
force	persuade	True
force	pressure	True
fords	cars	True
forest	clearing	True
forest	tree	True
forest	trees	True
forgive	sin	False
forgiving	vengeful	False
forks	cutlery	True
forks	utensils	True
forms	mold	True
fornicate	priest	False
forward	backward	False
fracture	bone	True
fragile	damaged	False
frame	photograph	True
frame	picture	True
frame	window	True
frantic	worried	True
freedom	hostage	False
freedom	prisoner	False
freedom	slavery	False
fridge	appliance	True
fridge	food	True
friendly	hostile	False
frigid	cold	True
frosting	cake	True
frown	discontent	True
frown	distaste	True
frown	sadness	True
frowning	angry	True
frozen	thaw	False
frugality	thrifty	True
fruit	grape	False
fun	boring	False
fun	reserved	False
funeral	coffin	True
funeral	corpse	True
funeral	joy	False
funeral	mourner	True
funny	boring	False
furniture	chairs	False
gallon	ounce	True
gallon	quart	True
game	instructions	True
game	players	True
game	referee	True
game	rules	True
gap	teeth	True
garage	cars	True
garden	flower	True
garden	flowers	True
garden	vegetables	True
gas	atmosphere	False
gas	furnace	False
gasoline	fuel	True
gate	lock	False
gender	costume	False
geology	earth	True
geology	rocks	True
germs	sickness	True
giddy	happiness	True
gift	recipient	False
give	receiver	True
glare	anger	True
glare	look	True
glass	pane	True
glass	shattered	False
glass	silicone	True
glasses	spectacles	True
glue	adhesion	True
glue	sticky	True
go	come	False
goad	placid	False
goal	score	True
golden	gleam	False
golf	drive	True
good	wrong	False
goose	duck	False
goose	gosling	False
gorge	eat	True
gorilla	mammal	True
gossip	chat	True
gossip	talk	True
grace	ballerina	False
grading	testing	True
gradually	surprise	False
graduation	diploma	True
graduation	students	True
grant	scientist	False
grape	fruit	True
graphics	stencil	True
greed	miser	False
green	color	True
green	go	True
grief	loss	False
grieving	mourning	True
grimace	disgust	True
groan	pain	True
groceries	list	True
groom	horse	True
groom	unkempt	False
grope	touch	True
grotesque	homely	True
growth	incubation	False
guardrail	highway	True
guests	party	False
gun	bullet	False
gun	shooter	False
gym	muscles	True
hair	brush	False
hair	hat	False
hair	wig	True
hall	music	True
halloween	autumn	False
halloween	candy	False
halved	whole	False
ham	meat	True
hammer	pound	False
hammer	tool	True
hammer	toolbox	False
hand	finger	True
hand	glove	False
handle	mug	False
hands	soap	False
handshake	agreement	True
handshake	cordiality	True
hangar	airplane	True
hangnail	fingertip	True
happiness	giddy	False
happiness	joy	False
happiness	laugh	False
happiness	smile	False
happy	contentment	True
happy	heartbroken	False
happy	smiling	True
hard	simple	False
harmed	invulnerable	False
harvest	reaping	False
harvesting	farming	True
hat	hair	True
hats	sombreros	False
headstone	marble	True
heal	hurt	False
heal	injure	False
heal	injured	False
health	decline	False
healthy	exercise	False
hearing	deaf	False
hearing	understanding	False
heart	beat	False
heartless	compassionate	False
heat	cold	False
heat	hot	True
heat	sweat	False
heat	temperature	True
heat	warm	True
heater	warmth	True
heaven	christian	False
heaven	sinners	False
hedge	fence	False
help	cry	False
help	helpless	False
hem	skirt	True
hemisphere	equator	True
hemispheres	equator	True
hen	rooster	False
henry	king	True
herd	antelopes	True
herd	cow	True
herd	elephant	True
hero	honor	False
hero	medal	False
heroin	euphoria	True
hideous	beautiful	False
hideous	ugly	True
highway	guardrail	True
highway	road	False
hill	mountain	False
hill	ramp	False
hill	top	True
history	past	True
hit	aggressive	True
hit	injury	True
hive	bees	True
hole	pants	True
holiness	saint	False
home	foyer	True
home	house	True
home	kitchen	True
homeowner	home	True
homework	graduate	False
honda	car	True
honest	deceptive	False
honest	liar	False
honesty	deception	False
honey	sweetness	True
honor	hero	True
hood	hair	True
hood	head	True
hop	rabbit	False
hose	legs	True
hospital	patient	True
hospital	wing	True
hot	burning	False
hot	cold	False
hot	fire	False
hotel	lobby	True
hour	seconds	True
house	abode	True
house	bedroom	True
house	bricks	True
house	dwelling	True
house	home	True
house	paint	False
house	porch	True
house	roof	True
house	room	True
hug	comfort	True
humble	arrogant	False
hunger	food	False
hunger	starving	False
hungry	satiated	False
hurt	cry	False
hurt	doctor	False
hurt	victim	True
hurting	comfort	False
husband	widow	False
hydration	water	False
hyperventilate	breathe	True
hyperventilating	breathing	True
hypothermia	chilled	True
ice	cold	True
ice	melt	False
ice	water	True
idea	invention	False
idiot	stupidity	True
ignorance	learning	True
ignorance	sage	False
ignorant	bliss	True
ignorant	intelligent	False
ignorant	teach	False
illness	discomfort	True
illogical	confusion	True
illuminate	bright	False
image	photograph	False
impenetrable	destroyed	False
imprison	convict	True
imprisoned	free	False
in	out	False
inarticulate	express	False
incapability	ability	False
increment	number	True
independence	adulthood	False
indian	ocean	True
inert	mobile	False
inexperience	novice	False
infant	understand	False
infertility	reproduction	True
infinite	end	False
inflation	price	True
ingredient	recipe	False
injure	heal	False
injury	hit	False
injury	pain	True
innocence	child	False
inside	door	True
insist	assert	True
insomnia	sleep	True
inspire	follower	True
instruct	subordinate	True
instruct	teach	True
instrument	musician	False
instrument	violin	False
insult	kindly	False
insult	unkind	True
integrity	dishonest	False
intelligence	stupid	False
interesting	tedious	False
internet	website	False
intransigent	resist	False
introduction	conclusion	False
introduction	speech	False
invalid	illness	True
invalid	sickness	True
invention	idea	True
investigation	curious	False
investor	investments	True
invincibility	weak	False
invincible	defeated	False
invisible	color	False
invisible	sight	False
ireland	country	True
iron	blacksmith	False
iron	clothes	False
iron	pressed	True
irreparable	fixed	False
irritation	rage	False
jeans	zipper	True
jeer	laugh	True
jewelry	ring	False
jewelry	rings	False
job	retiree	False
jobless	employed	False
jog	exercise	False
joke	laughter	True
journey	map	True
journey	step	False
joy	depression	False
joy	despair	False
joyful	ecstatic	True
jubilation	melancholy	False
jug	container	True
key	lock	False
keys	car	False
kid	child	True
kill	hurt	True
kill	shoot	False
kind	rude	False
king	arthur	False
king	henry	False
kiss	love	True
kiss	passion	True
kiss	passionate	True
kissing	loving	True
kitchen	food	True
kitchen	home	False
kitchen	pot	False
kitchen	potholder	False
knife	butcher	False
knitting	purling	True
know	read	False
knowledge	expert	False
knowledge	ignorance	False
kowtow	compliment	True
lake	fishing	True
lake	shore	True
lamb	sheep	False
lamp	sun	False
languages	linguistics	False
laptop	computer	True
large	big	True
laugh	amusement	True
laugh	happiness	True
laugh	happy	True
laugh	hilarity	True
laughing	amusement	True
laughter	amusement	True
laughter	joke	False
lavatory	bathroom	True
lawn	grass	True
lawyer	client	False
lawyer	clients	True
lay	sleep	False
lazily	hurry	False
lazy	indolence	True
lazy	productive	False
lead	member	True
leaf	animal	False
learn	read	False
learn	student	False
learning	ignorance	False
learning	study	False
leased	rent	False
leather	boots	False
lecture	child	True
legs	chair	False
legs	snake	False
lesson	plan	True
lethargic	fatigue	True
letters	words	True
lettuce	salad	False
leukemia	blood	True
liar	honest	False
liar	honesty	False
library	book	True
library	books	True
library	reading	False
license	permission	True
lie	dishonesty	True
lie	exaggerate	True
lie	honestly	False
lie	whereabouts	True
lies	untrustworthy	True
life	biography	True
life	corpse	False
light	bright	True
light	carried	False
light	dark	False
liked	detested	False
linguistics	languages	True
liquid	solid	False
list	groceries	False
listen	audible	False
lit	flammable	False
litter	discard	True
lobby	building	True
lobby	hotel	False
lock	security	True
locks	theft	False
loneliness	socialize	False
look	glare	False
loss	grief	True
lost	wandering	False
loud	discreet	False
loudly	whisper	False
love	affection	True
love	eternal	True
low	raise	False
lower	raise	False
lower	volume	True
lust	aphrodisiac	False
lust	attraction	True
lust	passionate	True
mad	anger	True
magnanimous	peace	True
mailbox	flag	True
make	manufacture	True
makeup	blemish	True
makeup	blemishes	True
makeup	face	True
makeup	wrinkles	True
mall	shops	True
mammal	gorilla	False
mammal	hair	True
man	woman	False
manager	employee	False
mania	enthusiasm	True
mansion	rooms	True
manufacture	make	True
maps	topography	False
marble	headstone	False
mare	stallion	False
margin	page	True
margin	paper	True
marina	boat	True
mask	face	True
masochist	suffering	False
masterpiece	artist	False
mathematics	numbers	True
mature	baby	False
mature	childish	False
meal	cook	False
meal	food	True
mechanic	tools	False
medal	athlete	False
medal	hero	False
mediate	relaxing	True
mediator	reconciliation	False
medicate	sickness	False
medication	prescription	True
medicine	disease	False
medicine	pharmacy	False
medicine	recovery	True
mediocre	excellent	False
meet	athlete	True
meeting	agenda	True
melancholy	jubilation	False
melt	density	True
melt	ice	False
memphis	city	True
messy	clean	False
messy	disarray	True
messy	sloppy	False
messy	tidy	False
meteorology	atmosphere	True
meteorology	weather	True
mica	mineral	True
michigan	lake	True
microphone	singer	False
middle	beginning	False
milk	dairy	False
milk	drink	True
mill	flour	True
millionaire	riches	True
millionaire	wealth	True
mine	coal	True
mines	coal	True
mirror	crack	False
miscarriage	pregnancy	True
miser	greed	True
miser	saving	True
miser	splurge	False
miser	squander	False
mix	blend	True
moat	castle	True
mobile	cellphone	True
mobile	inert	False
model	instructions	True
modern	ancient	False
mogul	wealth	True
moisturize	lotion	False
money	millionaire	False
money	paper	True
money	poor	False
monitor	computer	False
monochromatic	rainbow	False
monotonous	tedious	True
morning	sunrise	False
morose	sadness	True
mother	children	True
motor	boat	False
mountain	move	False
mountain	valley	True
mourner	funeral	False
mourning	cry	False
mouse	computer	False
mouse	rodent	True
move	mountain	False
movie	comedy	False
movie	previews	False
movie	scene	True
movie	screenplay	True
movie	script	True
murderer	evil	True
murderer	help	False
muscles	gym	False
musical	sing	False
musician	applause	False
musician	instrument	False
musician	music	True
mustang	car	True
narrative	epilogue	False
neck	scarf	False
needle	sew	False
needle	thread	False
negotiating	asking	True
nervousness	sweat	False
nice	mean	False
niece	nephew	False
nod	agreement	True
noise	crash	False
noise	silence	False
normal	crazy	False
north	south	False
note	symphony	False
notes	song	False
novel	book	True
novel	foreword	False
novice	experience	False
novice	inexperience	True
nun	abbey	False
nun	chastity	True
oak	tree	True
obese	fat	True
obese	overeat	True
obey	protest	False
object	intangible	False
object	photo	True
ocean	seascape	False
ocean	water	True
oceanography	oceans	True
oceans	oceanography	False
office	telephone	False
office	working	False
oil	lubricant	True
old	youth	False
omelette	eggs	True
omniscient	ignorant	False
opera	song	True
option	choice	True
orchard	apple	True
order	soldier	True
organize	cluttered	False
original	banal	False
ounce	pound	False
out	in	False
oven	kitchen	False
overbearing	caring	True
own	buy	False
owner	property	False
pacific	ocean	True
pacifier	infancy	False
pacifist	peace	True
pack	wolf	True
page	book	False
page	chapter	False
page	margin	True
page	paragraph	True
pages	book	False
pain	agony	False
pain	blow	False
pain	medicate	False
painful	sunburn	False
paint	artistic	True
paint	brush	False
paint	picture	False
paint	wall	False
painter	portrait	False
painting	sketch	True
palomino	horse	True
pane	glass	True
panic	fear	True
pants	clothes	True
pants	trousers	True
paper	flimsy	True
paper	margin	True
paper	money	False
paper	outline	True
paragraph	word	True
parched	dehydrate	True
parched	thirstiness	True
parent	hate	False
parenthood	pride	False
parenthood	worry	False
parents	baby	False
parents	child	True
parishioner	preach	False
party	alcohol	True
party	celebrant	True
party	guests	True
passionate	lust	False
password	access	True
past	history	False
patient	health	False
pay	debtor	True
peace	magnanimous	False
peace	war	False
peeling	cooking	False
pen	pencil	False
pen	writer	False
pencil	paper	False
pencil	pen	False
pencil	write	False
penis	woman	False
pennies	coins	True
pennies	quarter	False
pensive	thought	True
pepper	seasoning	True
perform	audience	True
performance	applause	False
performance	choreography	True
permeable	porous	False
perplexed	certain	False
pessimist	hope	False
pests	insecticide	False
pharmacology	drugs	True
pharmacy	medicine	True
phd	doctor	False
phone	battery	False
photo	landscape	True
photo	object	False
photograph	event	True
photograph	frame	True
photograph	image	True
piano	instrument	True
picnic	snacks	True
picture	drawing	False
picture	frame	True
picture	image	True
pie	crust	True
pie	slices	True
pig	animal	True
pillow	soft	True
pimple	face	True
pimple	skin	True
pitch	baseball	False
pitch	windup	False
pitcher	baseball	False
pitching	baseball	False
pizza	cheesy	True
pizza	slice	True
plain	flat	True
planet	earth	False
planets	space	False
plant	seed	False
plants	botany	False
plastic	polymer	True
plate	dish	True
plates	china	True
play	act	True
play	enjoy	False
play	musician	False
play	solemnly	False
playbook	football	False
players	game	False
players	team	False
playground	slide	False
pleasant	agonizing	False
pliable	bend	False
plump	thinness	False
pod	whale	True
poem	verses	True
poems	sonnets	False
poison	die	True
poison	feed	True
police	gun	False
poodle	dog	True
pool	water	True
poor	money	False
pop	fizzy	True
porch	house	True
porpoise	mammal	True
possess	purchase	False
postscript	letter	False
pot	kitchen	False
pot	vessel	True
potholder	kitchen	False
pound	ounce	True
praying	church	False
preach	disciple	True
preach	parishioner	True
pregnancy	baby	True
pregnancy	development	False
preoperative	operation	False
preparation	disaster	False
preschool	kindergarten	False
presents	christmas	False
preservative	salt	False
press	books	True
pressed	iron	False
pretty	beautiful	True
pretty	ugly	False
preview	movie	False
previously	subsequently	False
price	inflation	False
price	sell	False
pride	lion	True
priest	holy	True
princess	tiara	False
prison	criminals	True
prisoner	punishment	True
professional	amateur	False
professor	intellectual	True
professor	students	True
profile	face	True
profligate	degeneracy	True
program	code	True
programmer	computer	False
progressive	stagnant	False
promote	advertise	False
promotion	raise	False
proprietor	employees	True
prosperity	slums	False
prostitute	virginity	False
protest	obey	False
provocative	controversy	True
psychotic	insanity	True
publishing	writing	True
punch	hatred	True
punch	pain	True
punish	spank	False
punishment	prisoner	False
purling	knitting	False
push	shove	False
quarter	pennies	True
question	answer	True
question	suspect	True
quick	fast	False
quilt	squares	True
rabbit	hop	False
raccoon	animal	True
rage	happiness	False
rage	irritation	True
rain	dryness	False
rain	storm	True
rain	weather	True
rainbow	monochromatic	False
raise	child	True
raise	elevate	True
raise	salary	True
rangers	team	True
rape	fuck	True
raw	cooked	False
read	learn	False
reaping	harvest	False
recipe	ingredient	True
record	cassette	False
recording	sound	True
red	color	True
red	stop	True
referee	game	False
referee	whistle	False
refinery	gas	True
refinery	oil	True
refrigerator	appliance	True
refrigerator	food	True
reject	accept	False
relaxing	working	False
release	captive	False
relief	tylenol	False
remote	buttons	True
remote	television	False
remote	tv	False
repair	break	False
repair	broken	False
reparable	fixed	False
repel	attract	False
repetition	boredom	True
repine	cheerful	False
replica	artwork	True
request	beg	False
resistant	conquer	False
resistant	stop	False
response	stimulus	False
rest	restorative	True
rest	sick	False
restaurant	chef	True
restaurant	food	True
restaurant	meals	True
restfulness	sleep	False
restroom	bathroom	True
retiree	job	False
revived	dead	False
rich	poor	False
ridicule	tease	True
rim	cup	True
ring	jewelry	True
ring	wedding	False
rings	jewelry	True
rise	sink	False
rise	tide	True
rivalry	serenity	False
river	bank	True
river	bed	True
river	delta	True
riverbed	water	False
road	ditch	True
robin	bird	True
rodent	mouse	False
roll	round	False
roof	shingles	True
room	curtains	False
room	house	False
room	wall	True
root	tree	False
roots	bush	False
roses	florist	False
rough	sand	False
rough	smooth	False
route	directions	True
route	map	True
routine	agenda	True
royalty	crown	False
run	exercise	False
run	fast	True
run	jog	False
run	lethargic	False
run	sprint	True
run	sweat	True
run-on	sentence	True
runner	finish	False
running	fast	True
sad	cry	False
sad	crying	False
sad	depressed	True
sad	depression	True
sad	happy	False
sad	smiling	False
sadness	cry	False
sadness	despair	False
sadness	melancholia	False
safe	valuables	True
saint	holiness	True
saints	hell	False
salesperson	customer	False
salmon	fish	True
salt	flavor	True
salt	preservative	True
sand	beach	False
sand	rough	False
sand	smooth	True
sandal	shoe	True
sandpaper	smooth	True
satiety	hungry	False
satisfaction	eat	False
satisfied	starving	False
saturated	wet	True
saturation	hue	True
saving	miser	False
scalpel	surgeon	False
scandal	reputation	True
scar	beauty	True
scar	complexion	True
scarce	bounty	False
scene	act	False
scholar	books	True
scholar	intelligence	True
school	children	True
school	classroom	False
school	education	True
school	fish	True
school	learning	True
school	student	True
school	students	True
scientist	grant	False
scratch	cd	True
scream	angry	True
scream	terror	True
screaming	terror	True
screw	screwdriver	False
screwdriver	tool	True
sculpture	art	True
sculpture	artwork	True
sculpture	sculptor	False
seamstress	dress	False
searing	roasting	False
seascape	ocean	True
seat	stool	False
seconds	hour	False
sedan	coupe	False
sediment	silt	False
seed	plant	False
selfish	egotism	False
sell	buyer	True
sell	customer	True
sell	price	True
seller	customer	False
senate	senators	True
senator	politician	True
senators	senate	False
senescence	cane	False
senescence	wheelchair	False
sensitivity	boorish	False
sentence	criminal	True
sentence	run-on	False
serenity	rivalry	False
serve	customer	True
sew	needle	False
sew	rip	False
sewing	stitching	True
sewn	fabric	False
sex	pregnancy	True
shadow	object	True
shaken	sturdy	False
shaking	fear	True
shampooing	bathing	False
sharpen	dull	False
sheet	bedding	True
sheets	bedding	True
shelf	wall	True
shine	burnish	False
shine	dimly	False
shine	sun	False
ship	boat	True
ship	deck	True
shirt	blouse	False
shirt	clothing	True
shirt	garment	True
shirt	thread	False
shirts	clothes	True
shirts	clothing	True
shoe	boot	False
shoe	foot	False
shoe	sole	True
shooter	gun	False
shopper	sold	False
shopping	mall	False
shops	mall	False
shore	lake	True
shore	sea	True
shorten	distance	True
shorten	hem	True
shout	whisper	False
shove	push	True
shovel	dig	False
shovel	spoon	False
shoving	nudging	True
showering	cleanliness	True
showering	soaping	True
shriek	panic	True
shy	initiate	False
sick	cured	False
sidewalk	crack	False
sidewalk	yard	True
sift	separated	True
sigh	exhaustion	True
sign	direction	True
signature	acknowledgement	True
silence	noise	True
sill	window	True
simple	hard	False
sin	virtue	True
sing	musical	True
singer	microphone	False
sink	dense	False
sins	jesus	False
skeptical	persuade	False
sketch	image	True
sketch	painting	False
skin	blemish	False
skin	pimple	False
skinny	fat	False
skirt	garment	True
skirt	hem	True
sky	ceiling	False
slap	anger	True
slay	dragon	False
sleep	alertly	False
sleep	awake	False
sleep	doze	True
sleep	lay	False
sleep	restful	True
sleep	restfulness	True
sleeplessness	parenthood	False
slide	playground	False
sloppy	messy	True
slow	fast	False
slow	speed	False
slowly	run	False
slowly	sprint	False
slurp	drink	True
small	majority	False
smart	dumb	False
smash	flat	True
smile	angry	False
smile	friendship	True
smile	happiness	True
smile	sneer	False
smile	unhappiness	True
smiling	happy	True
smiling	sad	False
smoke	cigarette	False
smoke	fire	True
snacks	picnic	False
snake	cobra	False
snake	worm	False
snarl	anger	True
sneer	smile	True
snow	cold	True
snow	shovel	False
soap	dish	False
sobbing	crying	True
sober	intoxicated	False
sock	clothing	True
sock	thread	True
sodas	beverages	True
sofa	couch	True
soft	brittle	False
soft	rough	False
soften	voice	True
sold	shopper	True
soldier	gun	False
soldier	war	True
soldiers	army	False
sole	shoe	False
solid	cement	False
solid	gaseous	False
solution	equation	True
sombreros	hats	True
song	emotion	True
song	notes	True
song	opera	False
songwriter	lyrics	True
sonnets	poems	True
soothing	gentle	True
sorrow	happiness	False
sorrow	tears	False
sound	song	True
soup	spoonful	True
space	planets	True
spank	punish	False
spear	weapon	True
spectacles	glasses	True
speed	movement	True
speed	slow	False
speed	slowly	False
speeder	ticket	False
spin	twirl	True
spinach	vegetable	True
spoon	shovel	False
spoon	silverware	True
spoon	utensil	True
sport	ball	False
spring	breeze	False
sprint	fast	True
sprint	run	True
sprint	slowly	False
squeezed	soft	False
stab	wound	True
stadium	sports	False
stairs	ladder	False
stalk	visit	True
stalking	attraction	True
star	brightness	True
star	space	True
start	finish	False
starvation	hunger	True
starving	hunger	True
state	city	True
state	county	True
steadily	stutter	False
steal	policeman	False
steal	take	True
steel	strength	True
steel	strong	True
steel	tough	True
step	dance	False
steroids	muscles	True
stethoscope	doctor	False
stimulus	response	True
stink	rotten	False
stirring	cooking	False
stitch	cloth	False
stool	seat	True
stop	resistant	False
store	products	True
store	shopper	True
store	shopping	False
storm	thunder	False
stream	bank	True
strength	steel	False
stress	headache	True
stretched	elastic	False
strong	steel	False
structure	weakness	False
student	dorm	False
student	essay	False
student	school	False
student	teacher	False
students	school	False
students	teacher	True
studio	art	True
study	learning	True
studying	library	False
stupid	intelligence	False
sturdy	break	False
stutter	speech	True
stutter	steadily	False
subordinate	instruct	False
suckle	young	True
suffering	masochist	False
summary	book	True
sun	hot	True
sun	tan	True
sunburn	painful	True
sunglasses	eyes	True
sunlight	photosynthesis	False
sunscreen	burns	False
superman	hero	True
supermarket	aisle	True
supermarket	groceries	True
survive	healthy	False
suspect	question	False
swaddle	infancy	False
swan	bird	True
sweat	heat	False
sweat	workout	False
sweater	wool	True
sweating	odor	True
sweets	candy	True
swilling	drinking	True
swim	fish	False
sword	knife	False
symphony	movements	True
symphony	note	True
table	desk	False
table	wood	True
tail	dog	False
tail	frog	False
taint	poisoned	True
take	borrow	True
take	steal	False
talkative	taciturn	False
tea	beverages	True
teach	educated	True
teach	ignorant	False
teach	instruct	True
teacher	certificate	False
teacher	student	False
teacher	students	True
teachers	college	False
team	player	True
team	players	True
tear	pantyhose	True
tear	sadness	True
tears	sorrow	True
tears	tragedy	False
tedious	monotonous	True
teeth	brush	False
teeth	retainer	False
teeth	toothbrush	False
television	electricity	False
tennis	volleying	True
tent	house	False
terror	fear	True
thawed	freeze	False
theater	play	True
theft	locks	False
therapy	talking	True
thin	chubby	False
thirst	drink	False
thirstiness	parched	False
thought	pensive	False
thoughtful	contemplation	True
threaten	warn	True
thunder	lightning	True
thunder	storm	True
tiara	princess	False
tide	rise	False
tidy	clean	True
tip	waiter	False
tired	exhaustion	True
tiredness	rest	False
title	story	False
toddler	infant	False
tool	screwdriver	False
toothbrush	teeth	False
top	bottom	False
topography	map	True
topography	maps	True
torture	pain	True
touch	grope	False
touch	reach	False
tragedy	tears	True
trailer	wagon	False
tranquil	impatient	False
transparent	opaque	False
transportation	automobile	False
trap	bushes	False
treat	patient	True
treatment	patient	False
tree	bark	True
tree	branch	True
tree	root	True
tree	sapling	False
tree	seedling	False
trim	shorten	False
trim	tree	True
troop	soldier	True
trophy	achievement	True
trophy	champion	False
trophy	team	False
trophy	winner	False
trousers	pants	True
trout	fish	True
trowel	gardener	False
truck	driver	False
tryst	flirtation	False
tumor	body	True
twirl	spin	True
twist	sinuous	True
tycoon	wealthy	True
tylenol	relief	True
tyranny	freedom	False
ugly	beautiful	False
ugly	hideous	True
under	over	False
understand	infant	False
understanding	hearing	True
understood	incomprehensible	False
university	school	True
unkind	insult	False
unpardonable	forgiven	False
up	down	False
urban	city	True
use	addict	False
useable	broken	False
uterus	baby	True
vacation	trip	False
vacuum	carpet	False
valley	mountain	True
valuables	safe	False
van	automobile	True
vegetable	carrot	False
vegetarian	hunt	False
veil	face	True
vendor	consumer	True
victory	strategy	True
villain	evil	True
vintner	wine	True
violation	citation	False
violin	instrument	True
virgin	purity	True
virginia	state	True
virginity	sex	False
visit	stalk	False
volleyball	bumping	True
volleying	tennis	False
waiter	tip	False
walker	antiquity	False
wall	baseboard	True
wall	bricks	True
wall	ceiling	True
wall	floor	True
wall	hook	False
wall	paint	False
wall	room	True
wall	shelf	True
wandering	confused	True
waning	sunlight	True
war	destruction	False
war	peace	False
war	soldier	False
war	weapon	False
warehouse	boxes	True
warm	cool	False
warmth	coat	False
warmth	fire	False
warmth	heater	False
warning	trouble	True
wash	clean	True
water	beverage	True
water	drought	False
water	hydration	True
water	plants	False
water	thirst	False
water	wet	True
wave	acknowledgement	True
wave	acknowledgment	True
wave	crash	False
weak	strong	False
weak	tough	False
weakness	structure	True
wealth	entrepreneur	False
website	internet	True
wedding	grief	False
wedding	marriage	False
week	day	True
wellness	doctor	False
wheat	bread	True
wheelchair	senescence	False
whine	complain	True
white	black	False
whole	broken	False
whole	halved	False
wig	hair	True
window	frame	True
window	sill	True
windy	calm	False
wine	alcohol	True
wine	beer	False
wine	vintner	False
wing	hospital	False
wings	bird	False
winner	award	False
winner	ribbon	False
winner	victory	True
winter	christmas	False
winter	holidays	False
wire	metal	True
withdrawal	timid	True
withdrawn	sociable	False
withstood	irresistible	False
woman	man	False
womb	baby	True
wood	fireplace	False
word	letter	False
working	office	False
working	relaxing	False
workout	sweat	True
worthless	vital	False
wrapper	package	True
wrapping	taping	True
wrinkle	age	True
wrinkles	makeup	False
wrist	bracelet	False
write	paper	False
writer	pen	False
wrong	good	False
yale	university	True
yard	sidewalk	True
yarmulke	piety	True
yarn	spinner	False
yawn	boredom	True
yell	anger	True
yelling	anger	True
yellow	caution	True
yogurt	milk	True
young	old	False
zebra	stripes	True
zoo	animal	True
zoo	animals	True
zoo	lion	True
zoology	animals	True
